canonical_drug,cancer_indication,indication_trials,completed_trials,active_not_recruiting_trials,unique_sponsors
ABALOPARATIDE,LEUKEMIA,1,1,0,1
ABARELIX,PROSTATE,1,1,0,1
ABATACEPT,LEUKEMIA,1,1,0,1
ABATACEPT,UNCLASSIFIED,5,5,0,5
ABEMACICLIB,BLADDER,1,0,1,1
ABEMACICLIB,BRAIN / CNS,7,2,5,7
ABEMACICLIB,BREAST,37,18,19,18
ABEMACICLIB,COLORECTAL,2,1,1,2
ABEMACICLIB,ENDOMETRIAL,3,2,1,3
ABEMACICLIB,ESOPHAGEAL,1,1,0,1
ABEMACICLIB,LUNG,7,5,2,3
ABEMACICLIB,LYMPHOMA,1,1,0,1
ABEMACICLIB,OVARIAN,1,0,1,1
ABEMACICLIB,PANCREATIC,2,1,1,2
ABEMACICLIB,PROSTATE,4,3,1,3
ABEMACICLIB,RENAL,1,1,0,1
ABEMACICLIB,THYROID,1,1,0,1
ABEMACICLIB,UNCLASSIFIED,14,9,5,7
ABIRATERONE,BREAST,4,4,0,4
ABIRATERONE,LUNG,1,1,0,1
ABIRATERONE,PROSTATE,116,79,37,66
ABIRATERONE,UNCLASSIFIED,18,13,5,12
ACALABRUTINIB,LEUKEMIA,20,5,15,8
ACALABRUTINIB,LIVER,1,0,1,1
ACALABRUTINIB,LUNG,1,1,0,1
ACALABRUTINIB,LYMPHOMA,24,5,19,15
ACALABRUTINIB,MULTIPLE MYELOMA,1,1,0,1
ACALABRUTINIB,OVARIAN,1,1,0,1
ACALABRUTINIB,UNCLASSIFIED,7,3,4,6
ACARBOSE,OVARIAN,2,2,0,2
ACETAMINOPHEN,BLADDER,1,1,0,1
ACETAMINOPHEN,BREAST,2,2,0,2
ACETAMINOPHEN,CERVICAL,1,1,0,1
ACETAMINOPHEN,ENDOMETRIAL,1,1,0,1
ACETAMINOPHEN,GASTRIC,1,0,1,1
ACETAMINOPHEN,LEUKEMIA,8,6,2,3
ACETAMINOPHEN,LUNG,3,3,0,3
ACETAMINOPHEN,LYMPHOMA,2,2,0,2
ACETAMINOPHEN,MELANOMA,2,2,0,2
ACETAMINOPHEN,MULTIPLE MYELOMA,6,3,3,4
ACETAMINOPHEN,PROSTATE,1,1,0,1
ACETAMINOPHEN,UNCLASSIFIED,13,12,1,12
ACETAZOLAMIDE,MELANOMA,1,0,1,1
ACETAZOLAMIDE,PROSTATE,1,1,0,1
ACETYLCYSTEINE,LARYNX,1,1,0,1
ACETYLCYSTEINE,MELANOMA,1,1,0,1
ACITRETIN,MELANOMA,2,2,0,2
ACYCLOVIR,LEUKEMIA,1,1,0,1
ACYCLOVIR,LUNG,1,1,0,1
ACYCLOVIR,LYMPHOMA,1,1,0,1
ACYCLOVIR,PROSTATE,1,1,0,1
ACYCLOVIR,UNCLASSIFIED,4,4,0,4
ADAGRASIB,BRAIN / CNS,1,0,1,1
ADAGRASIB,LUNG,2,0,2,2
ADAGRASIB,UNCLASSIFIED,2,1,1,2
ADALIMUMAB,MELANOMA,1,1,0,1
ADALIMUMAB,UNCLASSIFIED,15,15,0,13
ADO TRASTUZUMAB EMTANSINE,BREAST,3,3,0,3
ADO TRASTUZUMAB EMTANSINE,LUNG,1,0,1,1
AFATINIB,BRAIN / CNS,1,1,0,1
AFATINIB,BREAST,4,3,1,3
AFATINIB,GASTRIC,1,1,0,1
AFATINIB,LUNG,19,18,1,9
AFATINIB,LYMPHOMA,1,0,1,1
AFATINIB,UNCLASSIFIED,24,19,5,14
AFATINIB DIMALEATE,BREAST,1,0,1,1
AFATINIB DIMALEATE,LUNG,2,2,0,2
AFATINIB DIMALEATE,LYMPHOMA,1,0,1,1
AFATINIB DIMALEATE,PANCREATIC,1,1,0,1
AFLIBERCEPT,BREAST,1,1,0,1
AFLIBERCEPT,COLORECTAL,12,12,0,7
AFLIBERCEPT,LYMPHOMA,1,1,0,1
AFLIBERCEPT,MELANOMA,1,1,0,1
AFLIBERCEPT,UNCLASSIFIED,1,1,0,1
ALDESLEUKIN,BRAIN / CNS,1,1,0,1
ALDESLEUKIN,BREAST,3,2,1,1
ALDESLEUKIN,CERVICAL,3,3,0,1
ALDESLEUKIN,COLORECTAL,1,1,0,1
ALDESLEUKIN,LYMPHOMA,1,1,0,1
ALDESLEUKIN,MELANOMA,5,5,0,2
ALDESLEUKIN,RENAL,1,1,0,1
ALDESLEUKIN,UNCLASSIFIED,1,0,1,1
ALECTINIB,BLADDER,1,1,0,1
ALECTINIB,BRAIN / CNS,2,1,1,2
ALECTINIB,LUNG,17,11,6,8
ALECTINIB,UNCLASSIFIED,7,5,2,4
ALEMTUZUMAB,LEUKEMIA,19,18,1,14
ALEMTUZUMAB,LYMPHOMA,5,5,0,5
ALEMTUZUMAB,RENAL,1,1,0,1
ALEMTUZUMAB,UNCLASSIFIED,1,1,0,1
ALFENTANIL,LUNG,1,1,0,1
ALFENTANIL,UNCLASSIFIED,1,1,0,1
ALITRETINOIN,UNCLASSIFIED,2,2,0,1
ALLOPURINOL,LEUKEMIA,11,11,0,8
ALLOPURINOL,LYMPHOMA,2,2,0,1
ALLOPURINOL,UNCLASSIFIED,2,2,0,2
ALPELISIB,BREAST,23,8,15,15
ALPELISIB,UNCLASSIFIED,1,1,0,1
ALTRETAMINE,LYMPHOMA,1,1,0,1
ALVIMOPAN,OVARIAN,1,1,0,1
ALVIMOPAN,UNCLASSIFIED,5,5,0,1
AMIFAMPRIDINE,UNCLASSIFIED,3,3,0,1
AMIFOSTINE,BREAST,1,1,0,1
AMIFOSTINE,LUNG,3,3,0,3
AMIFOSTINE,LYMPHOMA,2,2,0,2
AMIFOSTINE,UNCLASSIFIED,5,5,0,5
AMIKACIN,BLADDER,1,1,0,1
AMIKACIN,UNCLASSIFIED,1,1,0,1
AMINO ACIDS,UNCLASSIFIED,1,1,0,1
AMINOLEVULINIC ACID,BRAIN / CNS,3,3,0,3
AMINOLEVULINIC ACID,LEUKEMIA,1,1,0,1
AMINOLEVULINIC ACID,MELANOMA,2,2,0,1
AMINOLEVULINIC ACID,UNCLASSIFIED,7,7,0,6
AMINOPHYLLINE,BLADDER,1,1,0,1
AMLEXANOX,UNCLASSIFIED,1,1,0,1
AMOXICILLIN,GASTRIC,5,5,0,2
AMOXICILLIN,LYMPHOMA,2,2,0,2
AMPHOTERICIN B,LEUKEMIA,1,1,0,1
AMPHOTERICIN B,UNCLASSIFIED,1,1,0,1
ANAGRELIDE,UNCLASSIFIED,1,0,1,1
ANAKINRA,COLORECTAL,1,1,0,1
ANAKINRA,LUNG,1,1,0,1
ANAKINRA,LYMPHOMA,2,1,1,2
ANAKINRA,MULTIPLE MYELOMA,2,2,0,1
ANAKINRA,PANCREATIC,2,2,0,1
ANASTROZOLE,BREAST,103,79,24,60
ANASTROZOLE,ENDOMETRIAL,1,1,0,1
ANASTROZOLE,UNCLASSIFIED,8,7,1,5
ANIDULAFUNGIN,UNCLASSIFIED,1,1,0,1
APALUTAMIDE,PROSTATE,34,18,16,25
APALUTAMIDE,UNCLASSIFIED,11,4,7,4
APIXABAN,LEUKEMIA,1,1,0,1
APIXABAN,MULTIPLE MYELOMA,2,2,0,2
APIXABAN,PANCREATIC,1,1,0,1
APIXABAN,UNCLASSIFIED,11,11,0,9
APREMILAST,UNCLASSIFIED,1,1,0,1
APREPITANT,BRAIN / CNS,2,2,0,2
APREPITANT,BREAST,4,4,0,4
APREPITANT,COLORECTAL,1,1,0,1
APREPITANT,LEUKEMIA,3,3,0,3
APREPITANT,LUNG,2,2,0,2
APREPITANT,LYMPHOMA,3,3,0,3
APREPITANT,OVARIAN,2,2,0,2
APREPITANT,PANCREATIC,1,1,0,1
APREPITANT,THYROID,1,1,0,1
APREPITANT,UNCLASSIFIED,11,11,0,11
ARGATROBAN,UNCLASSIFIED,1,1,0,1
ARMODAFINIL,BRAIN / CNS,2,2,0,2
ARMODAFINIL,BREAST,1,1,0,1
ARMODAFINIL,ESOPHAGEAL,1,1,0,1
ARMODAFINIL,LUNG,1,1,0,1
ARMODAFINIL,MULTIPLE MYELOMA,1,1,0,1
ARMODAFINIL,UNCLASSIFIED,4,4,0,4
ARSENIC TRIOXIDE,BLADDER,1,1,0,1
ARSENIC TRIOXIDE,BRAIN / CNS,4,4,0,4
ARSENIC TRIOXIDE,CERVICAL,1,1,0,1
ARSENIC TRIOXIDE,COLORECTAL,1,1,0,1
ARSENIC TRIOXIDE,LEUKEMIA,26,26,0,21
ARSENIC TRIOXIDE,LIVER,2,2,0,2
ARSENIC TRIOXIDE,LUNG,2,2,0,2
ARSENIC TRIOXIDE,LYMPHOMA,1,1,0,1
ARSENIC TRIOXIDE,MULTIPLE MYELOMA,6,6,0,6
ARSENIC TRIOXIDE,PANCREATIC,1,1,0,1
ARSENIC TRIOXIDE,PROSTATE,1,1,0,1
ARSENIC TRIOXIDE,RENAL,1,1,0,1
ARSENIC TRIOXIDE,UNCLASSIFIED,4,3,1,4
ARTESUNATE,BREAST,1,1,0,1
ARTESUNATE,LEUKEMIA,1,0,1,1
ARTESUNATE,UNCLASSIFIED,2,1,1,2
ASCIMINIB,LEUKEMIA,7,3,4,2
ASCORBIC ACID,BLADDER,1,0,1,1
ASCORBIC ACID,BRAIN / CNS,1,0,1,1
ASCORBIC ACID,COLORECTAL,1,1,0,1
ASCORBIC ACID,ENDOMETRIAL,1,1,0,1
ASCORBIC ACID,LEUKEMIA,1,1,0,1
ASCORBIC ACID,LUNG,2,1,1,1
ASCORBIC ACID,MULTIPLE MYELOMA,1,1,0,1
ASCORBIC ACID,UNCLASSIFIED,2,2,0,2
ASPARAGINASE,LEUKEMIA,53,50,3,20
ASPARAGINASE,LYMPHOMA,4,4,0,4
ASPARAGINASE,UNCLASSIFIED,1,1,0,1
ASPARAGINASE ERWINIA CHRYSANTHEMI RECOMBINANT RYWN,LEUKEMIA,2,0,2,1
ASPIRIN,BREAST,3,2,1,3
ASPIRIN,CERVICAL,1,1,0,1
ASPIRIN,COLORECTAL,9,6,3,8
ASPIRIN,ESOPHAGEAL,3,2,1,3
ASPIRIN,LEUKEMIA,1,0,1,1
ASPIRIN,LUNG,3,3,0,2
ASPIRIN,MELANOMA,3,3,0,2
ASPIRIN,MULTIPLE MYELOMA,5,5,0,5
ASPIRIN,OVARIAN,1,1,0,1
ASPIRIN,PROSTATE,1,1,0,1
ASPIRIN,UNCLASSIFIED,13,11,2,11
ATAZANAVIR,UNCLASSIFIED,1,1,0,1
ATENOLOL,UNCLASSIFIED,1,1,0,1
ATEZOLIZUMAB,BLADDER,25,11,14,14
ATEZOLIZUMAB,BRAIN / CNS,2,2,0,2
ATEZOLIZUMAB,BREAST,33,22,11,21
ATEZOLIZUMAB,CERVICAL,7,6,1,6
ATEZOLIZUMAB,COLORECTAL,16,6,10,13
ATEZOLIZUMAB,ENDOMETRIAL,3,2,1,3
ATEZOLIZUMAB,ESOPHAGEAL,4,3,1,3
ATEZOLIZUMAB,GALLBLADDER,1,1,0,1
ATEZOLIZUMAB,GASTRIC,4,0,4,4
ATEZOLIZUMAB,LEUKEMIA,6,4,2,6
ATEZOLIZUMAB,LIVER,14,6,8,9
ATEZOLIZUMAB,LUNG,65,39,26,32
ATEZOLIZUMAB,LYMPHOMA,7,4,3,4
ATEZOLIZUMAB,MELANOMA,10,7,3,7
ATEZOLIZUMAB,MULTIPLE MYELOMA,1,1,0,1
ATEZOLIZUMAB,OVARIAN,10,8,2,7
ATEZOLIZUMAB,PANCREATIC,5,2,3,5
ATEZOLIZUMAB,PROSTATE,5,2,3,5
ATEZOLIZUMAB,RENAL,2,2,0,2
ATEZOLIZUMAB,THYROID,1,0,1,1
ATEZOLIZUMAB,UNCLASSIFIED,57,37,20,21
ATOVAQUONE,LEUKEMIA,1,1,0,1
ATOVAQUONE,LUNG,2,2,0,1
ATRASENTAN,BRAIN / CNS,1,1,0,1
ATRASENTAN,PROSTATE,5,5,0,3
ATRASENTAN,RENAL,1,1,0,1
ATRASENTAN,UNCLASSIFIED,2,2,0,1
ATROPINE,BREAST,1,1,0,1
ATROPINE,CERVICAL,1,1,0,1
ATROPINE,UNCLASSIFIED,1,1,0,1
AURANOFIN,BRAIN / CNS,1,1,0,1
AURANOFIN,LEUKEMIA,1,1,0,1
AURANOFIN,LUNG,1,1,0,1
AURANOFIN,OVARIAN,1,1,0,1
AVAPRITINIB,BRAIN / CNS,2,2,0,1
AVAPRITINIB,LEUKEMIA,2,2,0,1
AVAPRITINIB,UNCLASSIFIED,4,3,1,1
AVATROMBOPAG,UNCLASSIFIED,3,2,1,3
AVELUMAB,BLADDER,15,6,9,13
AVELUMAB,BRAIN / CNS,3,3,0,3
AVELUMAB,BREAST,8,0,8,8
AVELUMAB,CERVICAL,2,1,1,2
AVELUMAB,COLORECTAL,8,8,0,7
AVELUMAB,ENDOMETRIAL,1,0,1,1
AVELUMAB,GASTRIC,4,4,0,3
AVELUMAB,LEUKEMIA,1,1,0,1
AVELUMAB,LIVER,1,1,0,1
AVELUMAB,LUNG,8,8,0,7
AVELUMAB,LYMPHOMA,2,2,0,2
AVELUMAB,MELANOMA,2,0,2,2
AVELUMAB,OVARIAN,4,3,1,4
AVELUMAB,PROSTATE,2,1,1,2
AVELUMAB,RENAL,2,2,0,2
AVELUMAB,UNCLASSIFIED,33,19,14,23
AXITINIB,BRAIN / CNS,4,3,1,4
AXITINIB,BREAST,1,1,0,1
AXITINIB,CERVICAL,1,1,0,1
AXITINIB,COLORECTAL,3,3,0,3
AXITINIB,ENDOMETRIAL,1,0,1,1
AXITINIB,GASTRIC,1,1,0,1
AXITINIB,LIVER,1,1,0,1
AXITINIB,LUNG,2,2,0,1
AXITINIB,MELANOMA,4,3,1,4
AXITINIB,OVARIAN,1,0,1,1
AXITINIB,PROSTATE,3,3,0,3
AXITINIB,RENAL,25,17,8,23
AXITINIB,UNCLASSIFIED,17,17,0,15
AZACITIDINE,BREAST,2,2,0,2
AZACITIDINE,COLORECTAL,3,3,0,3
AZACITIDINE,GASTRIC,1,1,0,1
AZACITIDINE,LEUKEMIA,141,102,39,69
AZACITIDINE,LIVER,2,2,0,2
AZACITIDINE,LUNG,5,5,0,4
AZACITIDINE,LYMPHOMA,8,6,2,5
AZACITIDINE,MELANOMA,2,2,0,2
AZACITIDINE,MULTIPLE MYELOMA,2,2,0,2
AZACITIDINE,PANCREATIC,3,3,0,3
AZACITIDINE,UNCLASSIFIED,17,16,1,13
AZATHIOPRINE,UNCLASSIFIED,2,2,0,2
AZITHROMYCIN,UNCLASSIFIED,2,2,0,2
BARICITINIB,LEUKEMIA,1,0,1,1
BARICITINIB,UNCLASSIFIED,2,2,0,1
BARIUM,UNCLASSIFIED,1,0,1,1
BASILIXIMAB,BRAIN / CNS,2,2,0,2
BASILIXIMAB,LEUKEMIA,1,1,0,1
BASILIXIMAB,MULTIPLE MYELOMA,1,1,0,1
BECLOMETHASONE DIPROPIONATE,BREAST,1,1,0,1
BECLOMETHASONE DIPROPIONATE,LEUKEMIA,1,1,0,1
BELINOSTAT,BLADDER,1,0,1,1
BELINOSTAT,BRAIN / CNS,1,1,0,1
BELINOSTAT,BREAST,1,1,0,1
BELINOSTAT,LEUKEMIA,4,4,0,3
BELINOSTAT,LIVER,1,1,0,1
BELINOSTAT,LUNG,1,1,0,1
BELINOSTAT,LYMPHOMA,8,7,1,6
BELINOSTAT,MELANOMA,1,0,1,1
BELINOSTAT,OVARIAN,3,3,0,2
BELINOSTAT,UNCLASSIFIED,6,6,0,3
BELZUTIFAN,BREAST,1,0,1,1
BELZUTIFAN,RENAL,13,1,12,2
BELZUTIFAN,UNCLASSIFIED,1,0,1,1
BENDAMUSTINE,BRAIN / CNS,1,1,0,1
BENDAMUSTINE,BREAST,3,3,0,3
BENDAMUSTINE,LEUKEMIA,57,46,11,35
BENDAMUSTINE,LIVER,1,0,1,1
BENDAMUSTINE,LUNG,1,1,0,1
BENDAMUSTINE,LYMPHOMA,74,58,16,53
BENDAMUSTINE,MULTIPLE MYELOMA,13,13,0,13
BENDAMUSTINE,RENAL,1,1,0,1
BENDAMUSTINE,UNCLASSIFIED,8,6,2,6
BENRALIZUMAB,UNCLASSIFIED,1,1,0,1
BETAMETHASONE,BREAST,1,1,0,1
BETAMETHASONE VALERATE,UNCLASSIFIED,1,1,0,1
BETHANECHOL CHLORIDE,BLADDER,1,1,0,1
BEVACIZUMAB,BLADDER,4,4,0,3
BEVACIZUMAB,BRAIN / CNS,77,71,6,52
BEVACIZUMAB,BREAST,80,75,5,45
BEVACIZUMAB,CERVICAL,6,5,1,6
BEVACIZUMAB,COLORECTAL,141,114,27,87
BEVACIZUMAB,ENDOMETRIAL,3,2,1,3
BEVACIZUMAB,ESOPHAGEAL,1,1,0,1
BEVACIZUMAB,GALLBLADDER,2,1,1,2
BEVACIZUMAB,GASTRIC,7,7,0,4
BEVACIZUMAB,LEUKEMIA,4,4,0,4
BEVACIZUMAB,LIVER,26,14,12,14
BEVACIZUMAB,LUNG,92,82,10,48
BEVACIZUMAB,LYMPHOMA,2,2,0,2
BEVACIZUMAB,MELANOMA,9,8,1,7
BEVACIZUMAB,MULTIPLE MYELOMA,1,1,0,1
BEVACIZUMAB,OVARIAN,48,40,8,36
BEVACIZUMAB,PANCREATIC,10,9,1,7
BEVACIZUMAB,PROSTATE,4,4,0,3
BEVACIZUMAB,RENAL,27,26,1,13
BEVACIZUMAB,UNCLASSIFIED,107,92,15,55
BEXAROTENE,BREAST,4,4,0,4
BEXAROTENE,LEUKEMIA,3,3,0,3
BEXAROTENE,LUNG,3,3,0,3
BEXAROTENE,LYMPHOMA,6,6,0,6
BEXAROTENE,THYROID,1,1,0,1
BEXAROTENE,UNCLASSIFIED,1,1,0,1
BICALUTAMIDE,BREAST,6,2,4,5
BICALUTAMIDE,OVARIAN,1,1,0,1
BICALUTAMIDE,PROSTATE,69,61,8,38
BICALUTAMIDE,UNCLASSIFIED,3,2,1,3
BINIMETINIB,BLADDER,1,0,1,1
BINIMETINIB,BREAST,3,1,2,3
BINIMETINIB,COLORECTAL,8,8,0,7
BINIMETINIB,LEUKEMIA,1,0,1,1
BINIMETINIB,LUNG,6,4,2,6
BINIMETINIB,LYMPHOMA,1,0,1,1
BINIMETINIB,MELANOMA,10,5,5,8
BINIMETINIB,MULTIPLE MYELOMA,1,1,0,1
BINIMETINIB,PANCREATIC,2,1,1,2
BINIMETINIB,THYROID,1,0,1,1
BINIMETINIB,UNCLASSIFIED,5,3,2,4
BIVALIRUDIN,UNCLASSIFIED,1,1,0,1
BLEOMYCIN,LYMPHOMA,23,19,4,15
BLEOMYCIN,UNCLASSIFIED,11,10,1,7
BLINATUMOMAB,LEUKEMIA,18,10,8,10
BLINATUMOMAB,LYMPHOMA,5,5,0,3
BLINATUMOMAB,UNCLASSIFIED,5,3,2,3
BORTEZOMIB,BLADDER,2,2,0,2
BORTEZOMIB,BRAIN / CNS,8,7,1,5
BORTEZOMIB,BREAST,6,6,0,4
BORTEZOMIB,COLORECTAL,3,3,0,3
BORTEZOMIB,ESOPHAGEAL,1,1,0,1
BORTEZOMIB,GASTRIC,2,2,0,2
BORTEZOMIB,LARYNX,1,1,0,1
BORTEZOMIB,LEUKEMIA,41,37,4,26
BORTEZOMIB,LIVER,2,2,0,1
BORTEZOMIB,LUNG,14,14,0,7
BORTEZOMIB,LYMPHOMA,57,54,3,35
BORTEZOMIB,MELANOMA,4,4,0,3
BORTEZOMIB,MULTIPLE MYELOMA,191,147,44,89
BORTEZOMIB,OVARIAN,3,3,0,2
BORTEZOMIB,PANCREATIC,1,1,0,1
BORTEZOMIB,PROSTATE,2,1,1,2
BORTEZOMIB,RENAL,3,3,0,3
BORTEZOMIB,THYROID,1,1,0,1
BORTEZOMIB,UNCLASSIFIED,44,40,4,26
BOSENTAN,MELANOMA,1,1,0,1
BOSENTAN,UNCLASSIFIED,1,1,0,1
BRENTUXIMAB VEDOTIN,LEUKEMIA,7,6,1,7
BRENTUXIMAB VEDOTIN,LUNG,1,1,0,1
BRENTUXIMAB VEDOTIN,LYMPHOMA,63,52,11,28
BRENTUXIMAB VEDOTIN,UNCLASSIFIED,2,2,0,2
BRIGATINIB,LUNG,8,4,4,6
BRIGATINIB,UNCLASSIFIED,4,4,0,3
BRIMONIDINE TARTRATE,PROSTATE,1,1,0,1
BUDESONIDE,BREAST,1,1,0,1
BUDESONIDE,LEUKEMIA,1,1,0,1
BUDESONIDE,LUNG,2,2,0,2
BUDESONIDE,UNCLASSIFIED,1,1,0,1
BUMETANIDE,LIVER,1,0,1,1
BUPIVACAINE,BREAST,6,5,1,6
BUPIVACAINE,CERVICAL,1,1,0,1
BUPIVACAINE,COLORECTAL,3,3,0,3
BUPIVACAINE,ENDOMETRIAL,1,0,1,1
BUPIVACAINE,LARYNX,1,1,0,1
BUPIVACAINE,LUNG,2,1,1,2
BUPIVACAINE,PANCREATIC,1,1,0,1
BUPIVACAINE,PROSTATE,1,0,1,1
BUPIVACAINE,UNCLASSIFIED,12,12,0,10
BUPRENORPHINE,UNCLASSIFIED,2,2,0,2
BUSPIRONE,UNCLASSIFIED,1,1,0,1
BUSULFAN,BRAIN / CNS,5,5,0,5
BUSULFAN,BREAST,3,3,0,2
BUSULFAN,LEUKEMIA,141,129,12,51
BUSULFAN,LYMPHOMA,21,21,0,12
BUSULFAN,MULTIPLE MYELOMA,13,13,0,10
BUSULFAN,OVARIAN,1,1,0,1
BUSULFAN,RENAL,2,2,0,2
BUSULFAN,UNCLASSIFIED,19,17,2,15
BUTORPHANOL,UNCLASSIFIED,1,1,0,1
CABAZITAXEL,BLADDER,3,2,1,3
CABAZITAXEL,BRAIN / CNS,1,1,0,1
CABAZITAXEL,BREAST,2,2,0,2
CABAZITAXEL,GASTRIC,2,2,0,2
CABAZITAXEL,LUNG,1,1,0,1
CABAZITAXEL,OVARIAN,1,1,0,1
CABAZITAXEL,PROSTATE,26,18,8,22
CABAZITAXEL,UNCLASSIFIED,9,9,0,9
CABERGOLINE,BREAST,1,1,0,1
CABERGOLINE,OVARIAN,2,2,0,2
CABERGOLINE,PROSTATE,1,1,0,1
CABERGOLINE,UNCLASSIFIED,4,3,1,4
CABOZANTINIB,BLADDER,2,1,1,2
CABOZANTINIB,BRAIN / CNS,1,0,1,1
CABOZANTINIB,BREAST,6,5,1,3
CABOZANTINIB,CERVICAL,1,1,0,1
CABOZANTINIB,COLORECTAL,5,4,1,5
CABOZANTINIB,ENDOMETRIAL,2,1,1,2
CABOZANTINIB,ESOPHAGEAL,1,1,0,1
CABOZANTINIB,GASTRIC,1,1,0,1
CABOZANTINIB,LARYNX,1,0,1,1
CABOZANTINIB,LEUKEMIA,1,1,0,1
CABOZANTINIB,LIVER,9,7,2,7
CABOZANTINIB,LUNG,3,3,0,3
CABOZANTINIB,MELANOMA,1,0,1,1
CABOZANTINIB,MULTIPLE MYELOMA,1,1,0,1
CABOZANTINIB,OVARIAN,1,0,1,1
CABOZANTINIB,PANCREATIC,3,3,0,3
CABOZANTINIB,PROSTATE,10,8,2,9
CABOZANTINIB,RENAL,24,11,13,18
CABOZANTINIB,THYROID,5,3,2,4
CABOZANTINIB,UNCLASSIFIED,20,14,6,15
CABOZANTINIB S MALATE,BLADDER,1,0,1,1
CABOZANTINIB S MALATE,BRAIN / CNS,1,1,0,1
CABOZANTINIB S MALATE,BREAST,1,0,1,1
CABOZANTINIB S MALATE,ENDOMETRIAL,2,1,1,1
CABOZANTINIB S MALATE,LIVER,1,0,1,1
CABOZANTINIB S MALATE,LUNG,4,1,3,1
CABOZANTINIB S MALATE,MELANOMA,2,2,0,1
CABOZANTINIB S MALATE,OVARIAN,2,2,0,1
CABOZANTINIB S MALATE,PROSTATE,1,1,0,1
CABOZANTINIB S MALATE,RENAL,6,2,4,2
CABOZANTINIB S MALATE,THYROID,2,1,1,1
CABOZANTINIB S MALATE,UNCLASSIFIED,3,1,2,1
CAFFEINE,BREAST,1,1,0,1
CAFFEINE,LUNG,1,1,0,1
CAFFEINE,MELANOMA,1,1,0,1
CAFFEINE,PROSTATE,1,1,0,1
CAFFEINE,UNCLASSIFIED,4,4,0,4
CALASPARGASE PEGOL MKNL,LEUKEMIA,2,1,1,2
CALASPARGASE PEGOL MKNL,PANCREATIC,1,1,0,1
CALCIPOTRIENE,UNCLASSIFIED,1,0,1,1
CALCITRIOL,BREAST,2,2,0,1
CALCITRIOL,LUNG,1,1,0,1
CALCITRIOL,THYROID,1,1,0,1
CALCITRIOL,UNCLASSIFIED,4,4,0,4
CALCIUM GLUCONATE,BREAST,2,2,0,2
CALCIUM GLUCONATE,COLORECTAL,2,2,0,1
CALCIUM GLUCONATE,ESOPHAGEAL,1,1,0,1
CALFACTANT,LUNG,1,1,0,1
CANAGLIFLOZIN,BREAST,1,0,1,1
CANAKINUMAB,LUNG,1,1,0,1
CANAKINUMAB,PANCREATIC,1,0,1,1
CANAKINUMAB,RENAL,1,1,0,1
CANAKINUMAB,UNCLASSIFIED,2,1,1,2
CANNABIDIOL,BREAST,1,0,1,1
CANNABIDIOL,UNCLASSIFIED,6,5,1,4
CANTHARIDIN,UNCLASSIFIED,1,1,0,1
CAPECITABINE,BLADDER,8,6,2,7
CAPECITABINE,BRAIN / CNS,6,6,0,6
CAPECITABINE,BREAST,167,141,26,94
CAPECITABINE,CERVICAL,3,3,0,2
CAPECITABINE,COLORECTAL,157,134,23,98
CAPECITABINE,ESOPHAGEAL,13,11,2,13
CAPECITABINE,GALLBLADDER,8,7,1,6
CAPECITABINE,GASTRIC,81,66,15,50
CAPECITABINE,LARYNX,1,1,0,1
CAPECITABINE,LIVER,11,11,0,8
CAPECITABINE,LUNG,3,3,0,3
CAPECITABINE,OVARIAN,3,2,1,3
CAPECITABINE,PANCREATIC,63,56,7,46
CAPECITABINE,PROSTATE,4,4,0,4
CAPECITABINE,RENAL,6,6,0,6
CAPECITABINE,UNCLASSIFIED,96,77,19,66
CAPIVASERTIB,BREAST,11,1,10,4
CAPIVASERTIB,ENDOMETRIAL,1,0,1,1
CAPIVASERTIB,LYMPHOMA,2,1,1,2
CAPIVASERTIB,PROSTATE,3,1,2,1
CAPIVASERTIB,UNCLASSIFIED,5,5,0,1
CAPMATINIB,LIVER,1,1,0,1
CAPMATINIB,LUNG,5,4,1,2
CAPMATINIB,UNCLASSIFIED,2,1,1,2
CAPSAICIN,BREAST,1,1,0,1
CAPTOPRIL,BRAIN / CNS,1,1,0,1
CAPTOPRIL,UNCLASSIFIED,2,2,0,1
CARBAMAZEPINE,LUNG,1,1,0,1
CARBAMAZEPINE,UNCLASSIFIED,2,2,0,2
CARBOPLATIN,BLADDER,28,21,7,24
CARBOPLATIN,BRAIN / CNS,43,41,2,23
CARBOPLATIN,BREAST,167,126,41,90
CARBOPLATIN,CERVICAL,13,9,4,13
CARBOPLATIN,COLORECTAL,2,1,1,2
CARBOPLATIN,ENDOMETRIAL,22,16,6,15
CARBOPLATIN,ESOPHAGEAL,29,20,9,23
CARBOPLATIN,GASTRIC,11,8,3,11
CARBOPLATIN,LARYNX,13,6,7,10
CARBOPLATIN,LEUKEMIA,13,12,1,8
CARBOPLATIN,LIVER,9,6,3,8
CARBOPLATIN,LUNG,450,359,91,157
CARBOPLATIN,LYMPHOMA,39,31,8,24
CARBOPLATIN,MELANOMA,13,13,0,8
CARBOPLATIN,OVARIAN,170,151,19,96
CARBOPLATIN,PANCREATIC,2,2,0,2
CARBOPLATIN,PROSTATE,27,18,9,19
CARBOPLATIN,RENAL,4,4,0,3
CARBOPLATIN,UNCLASSIFIED,244,203,41,104
CARBOPROST TROMETHAMINE,ENDOMETRIAL,1,1,0,1
CARFILZOMIB,LEUKEMIA,7,7,0,7
CARFILZOMIB,LUNG,3,3,0,2
CARFILZOMIB,LYMPHOMA,9,8,1,9
CARFILZOMIB,MULTIPLE MYELOMA,98,60,38,50
CARFILZOMIB,PROSTATE,1,1,0,1
CARFILZOMIB,RENAL,1,1,0,1
CARFILZOMIB,UNCLASSIFIED,7,7,0,7
CARMUSTINE,BRAIN / CNS,27,26,1,15
CARMUSTINE,BREAST,2,2,0,2
CARMUSTINE,COLORECTAL,2,2,0,2
CARMUSTINE,LEUKEMIA,12,12,0,9
CARMUSTINE,LIVER,1,0,1,1
CARMUSTINE,LYMPHOMA,53,50,3,26
CARMUSTINE,MELANOMA,2,2,0,2
CARMUSTINE,MULTIPLE MYELOMA,7,7,0,5
CARMUSTINE,OVARIAN,1,1,0,1
CARMUSTINE,PROSTATE,1,1,0,1
CARMUSTINE,UNCLASSIFIED,2,2,0,2
CARVEDILOL,BREAST,3,3,0,3
CARVEDILOL,UNCLASSIFIED,1,1,0,1
CASPOFUNGIN,LEUKEMIA,2,2,0,2
CASPOFUNGIN,RENAL,1,1,0,1
CASPOFUNGIN,UNCLASSIFIED,4,4,0,4
CEFEPIME,BREAST,1,1,0,1
CEFEPIME,LEUKEMIA,1,1,0,1
CEFEPIME,UNCLASSIFIED,3,3,0,2
CEFIXIME,UNCLASSIFIED,3,3,0,3
CEFTAZIDIME,LEUKEMIA,1,1,0,1
CEFTAZIDIME,UNCLASSIFIED,1,1,0,1
CELECOXIB,BLADDER,3,3,0,3
CELECOXIB,BRAIN / CNS,5,5,0,3
CELECOXIB,BREAST,13,13,0,12
CELECOXIB,CERVICAL,3,3,0,3
CELECOXIB,COLORECTAL,18,18,0,13
CELECOXIB,ESOPHAGEAL,4,4,0,4
CELECOXIB,LIVER,4,4,0,3
CELECOXIB,LUNG,19,19,0,11
CELECOXIB,MELANOMA,1,1,0,1
CELECOXIB,MULTIPLE MYELOMA,2,2,0,2
CELECOXIB,OVARIAN,1,1,0,1
CELECOXIB,PANCREATIC,3,3,0,3
CELECOXIB,PROSTATE,4,3,1,4
CELECOXIB,RENAL,1,1,0,1
CELECOXIB,UNCLASSIFIED,27,25,2,22
CEPHALEXIN,LEUKEMIA,1,1,0,1
CERITINIB,BRAIN / CNS,1,1,0,1
CERITINIB,LUNG,7,5,2,3
CERITINIB,MELANOMA,1,1,0,1
CERITINIB,PANCREATIC,1,1,0,1
CERITINIB,UNCLASSIFIED,4,3,1,2
CERTOLIZUMAB PEGOL,UNCLASSIFIED,1,1,0,1
CETIRIZINE,BREAST,1,1,0,1
CETRORELIX,OVARIAN,4,4,0,3
CETUXIMAB,BLADDER,1,1,0,1
CETUXIMAB,BRAIN / CNS,1,1,0,1
CETUXIMAB,BREAST,7,6,1,7
CETUXIMAB,COLORECTAL,87,75,12,54
CETUXIMAB,ENDOMETRIAL,1,1,0,1
CETUXIMAB,ESOPHAGEAL,4,3,1,4
CETUXIMAB,GASTRIC,6,6,0,5
CETUXIMAB,LARYNX,6,6,0,6
CETUXIMAB,LIVER,2,2,0,2
CETUXIMAB,LUNG,32,29,3,24
CETUXIMAB,MELANOMA,1,1,0,1
CETUXIMAB,MULTIPLE MYELOMA,1,1,0,1
CETUXIMAB,PANCREATIC,6,6,0,6
CETUXIMAB,PROSTATE,1,1,0,1
CETUXIMAB,UNCLASSIFIED,109,94,15,70
CEVIMELINE,UNCLASSIFIED,1,1,0,1
CHLORAMBUCIL,LEUKEMIA,22,18,4,13
CHLORAMBUCIL,LYMPHOMA,6,5,1,5
CHLORHEXIDINE GLUCONATE,ESOPHAGEAL,1,1,0,1
CHLORHEXIDINE GLUCONATE,LIVER,1,1,0,1
CHLORHEXIDINE GLUCONATE,UNCLASSIFIED,1,1,0,1
CHLOROPROCAINE,UNCLASSIFIED,1,1,0,1
CHLORPROMAZINE,BRAIN / CNS,1,1,0,1
CHLORPROMAZINE,UNCLASSIFIED,1,0,1,1
CHOLESTYRAMINE,MULTIPLE MYELOMA,1,0,1,1
CICLESONIDE,UNCLASSIFIED,1,1,0,1
CIDOFOVIR,CERVICAL,2,2,0,2
CIDOFOVIR,UNCLASSIFIED,4,4,0,4
CILOSTAZOL,BREAST,1,1,0,1
CIMETIDINE,BREAST,1,1,0,1
CIMETIDINE,ENDOMETRIAL,1,1,0,1
CIMETIDINE,RENAL,1,1,0,1
CINACALCET,PROSTATE,1,1,0,1
CINACALCET,THYROID,2,2,0,2
CIPROFLOXACIN,BREAST,3,3,0,2
CIPROFLOXACIN,MULTIPLE MYELOMA,1,1,0,1
CIPROFLOXACIN,PANCREATIC,2,2,0,2
CIPROFLOXACIN,PROSTATE,2,2,0,2
CIPROFLOXACIN,UNCLASSIFIED,3,3,0,3
CISPLATIN,BLADDER,91,66,25,54
CISPLATIN,BRAIN / CNS,21,20,1,13
CISPLATIN,BREAST,48,39,9,32
CISPLATIN,CERVICAL,69,61,8,40
CISPLATIN,COLORECTAL,5,4,1,5
CISPLATIN,ENDOMETRIAL,17,15,2,11
CISPLATIN,ESOPHAGEAL,51,47,4,33
CISPLATIN,GALLBLADDER,10,7,3,8
CISPLATIN,GASTRIC,85,83,2,43
CISPLATIN,LARYNX,20,14,6,13
CISPLATIN,LEUKEMIA,1,1,0,1
CISPLATIN,LIVER,15,11,4,12
CISPLATIN,LUNG,303,247,56,105
CISPLATIN,LYMPHOMA,31,28,3,24
CISPLATIN,MELANOMA,15,14,1,12
CISPLATIN,MULTIPLE MYELOMA,10,6,4,3
CISPLATIN,OVARIAN,43,37,6,24
CISPLATIN,PANCREATIC,36,31,5,24
CISPLATIN,PROSTATE,6,5,1,6
CISPLATIN,RENAL,3,3,0,3
CISPLATIN,THYROID,1,1,0,1
CISPLATIN,UNCLASSIFIED,418,361,57,158
CITALOPRAM,BREAST,1,1,0,1
CITALOPRAM,UNCLASSIFIED,1,1,0,1
CLADRIBINE,BRAIN / CNS,1,1,0,1
CLADRIBINE,LEUKEMIA,24,21,3,15
CLADRIBINE,LYMPHOMA,5,5,0,3
CLARITHROMYCIN,GASTRIC,2,2,0,1
CLARITHROMYCIN,LYMPHOMA,4,4,0,4
CLARITHROMYCIN,MULTIPLE MYELOMA,9,7,2,5
CLARITHROMYCIN,OVARIAN,1,0,1,1
CLARITHROMYCIN,UNCLASSIFIED,2,2,0,2
CLEVIDIPINE,BRAIN / CNS,1,1,0,1
CLOBETASOL PROPIONATE,COLORECTAL,1,1,0,1
CLOBETASOL PROPIONATE,UNCLASSIFIED,1,1,0,1
CLOFARABINE,BRAIN / CNS,1,1,0,1
CLOFARABINE,LEUKEMIA,72,70,2,31
CLOFARABINE,LYMPHOMA,7,7,0,7
CLOFARABINE,UNCLASSIFIED,3,3,0,3
CLOMIPHENE,ENDOMETRIAL,1,1,0,1
CLOMIPHENE,OVARIAN,23,22,1,15
CLOMIPHENE,UNCLASSIFIED,2,2,0,2
CLONIDINE,BREAST,1,1,0,1
CLONIDINE,UNCLASSIFIED,1,1,0,1
CLOPIDOGREL BISULFATE,UNCLASSIFIED,1,1,0,1
COBICISTAT,LUNG,1,1,0,1
COBICISTAT,PROSTATE,1,1,0,1
COBIMETINIB,BLADDER,2,2,0,2
COBIMETINIB,BREAST,2,1,1,2
COBIMETINIB,COLORECTAL,4,4,0,2
COBIMETINIB,LEUKEMIA,3,2,1,3
COBIMETINIB,LIVER,1,0,1,1
COBIMETINIB,LUNG,4,1,3,4
COBIMETINIB,MELANOMA,15,11,4,8
COBIMETINIB,MULTIPLE MYELOMA,1,1,0,1
COBIMETINIB,OVARIAN,3,1,2,2
COBIMETINIB,PANCREATIC,2,2,0,2
COBIMETINIB,THYROID,1,0,1,1
COBIMETINIB,UNCLASSIFIED,15,12,3,9
CODEINE,CERVICAL,1,1,0,1
CODEINE,UNCLASSIFIED,1,1,0,1
COLCHICINE,BLADDER,1,1,0,1
COLCHICINE,LIVER,2,2,0,1
COLCHICINE,UNCLASSIFIED,1,1,0,1
COLESEVELAM,BREAST,1,0,1,1
COLESTIPOL,BREAST,1,1,0,1
COLLAGENASE,UNCLASSIFIED,3,3,0,2
COLLAGENASE CLOSTRIDIUM HISTOLYTICUM,UNCLASSIFIED,3,3,0,3
CRIZOTINIB,BRAIN / CNS,2,2,0,2
CRIZOTINIB,BREAST,2,1,1,2
CRIZOTINIB,GASTRIC,1,1,0,1
CRIZOTINIB,LUNG,21,13,8,15
CRIZOTINIB,LYMPHOMA,8,4,4,3
CRIZOTINIB,MELANOMA,2,1,1,2
CRIZOTINIB,PROSTATE,1,1,0,1
CRIZOTINIB,RENAL,1,1,0,1
CRIZOTINIB,UNCLASSIFIED,9,8,1,5
CROFELEMER,BREAST,2,2,0,2
CROFELEMER,UNCLASSIFIED,1,1,0,1
CYCLOPHOSPHAMIDE,BRAIN / CNS,33,28,5,17
CYCLOPHOSPHAMIDE,BREAST,308,275,33,133
CYCLOPHOSPHAMIDE,CERVICAL,5,5,0,3
CYCLOPHOSPHAMIDE,COLORECTAL,10,9,1,9
CYCLOPHOSPHAMIDE,GASTRIC,2,2,0,2
CYCLOPHOSPHAMIDE,LEUKEMIA,409,348,61,116
CYCLOPHOSPHAMIDE,LIVER,2,1,1,2
CYCLOPHOSPHAMIDE,LUNG,22,15,7,20
CYCLOPHOSPHAMIDE,LYMPHOMA,307,254,53,120
CYCLOPHOSPHAMIDE,MELANOMA,40,35,5,20
CYCLOPHOSPHAMIDE,MULTIPLE MYELOMA,104,86,18,62
CYCLOPHOSPHAMIDE,OVARIAN,32,26,6,22
CYCLOPHOSPHAMIDE,PANCREATIC,14,11,3,4
CYCLOPHOSPHAMIDE,PROSTATE,11,7,4,11
CYCLOPHOSPHAMIDE,RENAL,19,17,2,14
CYCLOPHOSPHAMIDE,THYROID,1,0,1,1
CYCLOPHOSPHAMIDE,UNCLASSIFIED,178,143,35,71
CYCLOSPORINE,BRAIN / CNS,3,3,0,3
CYCLOSPORINE,BREAST,4,4,0,3
CYCLOSPORINE,CERVICAL,1,1,0,1
CYCLOSPORINE,COLORECTAL,3,3,0,3
CYCLOSPORINE,LEUKEMIA,102,101,1,32
CYCLOSPORINE,LYMPHOMA,8,8,0,8
CYCLOSPORINE,MELANOMA,1,1,0,1
CYCLOSPORINE,MULTIPLE MYELOMA,7,7,0,4
CYCLOSPORINE,RENAL,7,7,0,3
CYCLOSPORINE,UNCLASSIFIED,10,10,0,9
CYPROHEPTADINE,BRAIN / CNS,1,1,0,1
CYPROHEPTADINE,UNCLASSIFIED,1,1,0,1
CYTARABINE,BRAIN / CNS,5,4,1,4
CYTARABINE,LEUKEMIA,406,361,45,124
CYTARABINE,LIVER,1,0,1,1
CYTARABINE,LYMPHOMA,103,94,9,47
CYTARABINE,PROSTATE,1,1,0,1
CYTARABINE,UNCLASSIFIED,6,4,2,6
DABIGATRAN ETEXILATE,COLORECTAL,1,1,0,1
DABIGATRAN ETEXILATE,LUNG,1,1,0,1
DABIGATRAN ETEXILATE,UNCLASSIFIED,5,5,0,4
DABRAFENIB,BRAIN / CNS,5,2,3,3
DABRAFENIB,BREAST,1,0,1,1
DABRAFENIB,LUNG,1,1,0,1
DABRAFENIB,LYMPHOMA,1,0,1,1
DABRAFENIB,MELANOMA,23,16,7,12
DABRAFENIB,MULTIPLE MYELOMA,1,0,1,1
DABRAFENIB,THYROID,7,2,5,6
DABRAFENIB,UNCLASSIFIED,9,9,0,4
DACARBAZINE,BREAST,1,1,0,1
DACARBAZINE,LYMPHOMA,31,25,6,26
DACARBAZINE,MELANOMA,41,39,2,27
DACARBAZINE,UNCLASSIFIED,11,10,1,10
DACLIZUMAB,MELANOMA,1,1,0,1
DACOMITINIB,COLORECTAL,1,1,0,1
DACOMITINIB,LUNG,8,5,3,4
DACOMITINIB,UNCLASSIFIED,3,3,0,3
DACTINOMYCIN,BRAIN / CNS,1,1,0,1
DACTINOMYCIN,UNCLASSIFIED,4,2,2,4
DALFAMPRIDINE,UNCLASSIFIED,1,1,0,1
DANAZOL,ENDOMETRIAL,1,1,0,1
DANAZOL,OVARIAN,1,1,0,1
DAPAGLIFLOZIN,OVARIAN,2,2,0,2
DAPAGLIFLOZIN,PANCREATIC,1,1,0,1
DAPAGLIFLOZIN METFORMIN,OVARIAN,1,1,0,1
DAPSONE,UNCLASSIFIED,1,1,0,1
DAPTOMYCIN,UNCLASSIFIED,2,2,0,2
DARATUMUMAB,BRAIN / CNS,1,0,1,1
DARATUMUMAB,COLORECTAL,1,1,0,1
DARATUMUMAB,LEUKEMIA,3,2,1,3
DARATUMUMAB,LUNG,2,1,1,2
DARATUMUMAB,LYMPHOMA,2,2,0,2
DARATUMUMAB,MULTIPLE MYELOMA,86,39,47,43
DARATUMUMAB,UNCLASSIFIED,6,4,2,6
DARBEPOETIN ALFA,BREAST,3,3,0,2
DARBEPOETIN ALFA,COLORECTAL,1,1,0,1
DARBEPOETIN ALFA,LEUKEMIA,2,2,0,2
DARBEPOETIN ALFA,LUNG,2,2,0,1
DARBEPOETIN ALFA,LYMPHOMA,2,2,0,2
DARBEPOETIN ALFA,UNCLASSIFIED,23,23,0,6
DAROLUTAMIDE,BREAST,3,3,0,3
DAROLUTAMIDE,OVARIAN,1,0,1,1
DAROLUTAMIDE,PROSTATE,16,5,11,14
DAROLUTAMIDE,UNCLASSIFIED,2,1,1,2
DASATINIB,BRAIN / CNS,6,5,1,4
DASATINIB,BREAST,12,11,1,7
DASATINIB,COLORECTAL,4,4,0,4
DASATINIB,ENDOMETRIAL,2,2,0,2
DASATINIB,LARYNX,1,1,0,1
DASATINIB,LEUKEMIA,76,59,17,34
DASATINIB,LIVER,1,1,0,1
DASATINIB,LUNG,4,4,0,3
DASATINIB,LYMPHOMA,1,1,0,1
DASATINIB,MELANOMA,3,3,0,3
DASATINIB,OVARIAN,1,1,0,1
DASATINIB,PANCREATIC,5,4,1,4
DASATINIB,PROSTATE,7,6,1,6
DASATINIB,UNCLASSIFIED,23,22,1,12
DECITABINE,BREAST,2,1,1,2
DECITABINE,COLORECTAL,1,1,0,1
DECITABINE,LEUKEMIA,95,79,16,50
DECITABINE,LUNG,4,4,0,2
DECITABINE,LYMPHOMA,3,3,0,3
DECITABINE,MELANOMA,1,1,0,1
DECITABINE,OVARIAN,4,2,2,2
DECITABINE,PANCREATIC,2,2,0,2
DECITABINE,THYROID,1,1,0,1
DECITABINE,UNCLASSIFIED,8,6,2,8
DEFERASIROX,LEUKEMIA,1,1,0,1
DEGARELIX,BREAST,1,1,0,1
DEGARELIX,LEUKEMIA,1,0,1,1
DEGARELIX,PROSTATE,56,45,11,23
DEGARELIX,UNCLASSIFIED,2,2,0,2
DEHYDRATED ALCOHOL,PANCREATIC,1,1,0,1
DEHYDRATED ALCOHOL,PROSTATE,1,0,1,1
DENILEUKIN DIFTITOX,LYMPHOMA,1,1,0,1
DENILEUKIN DIFTITOX,MELANOMA,2,2,0,2
DENOSUMAB,BREAST,10,7,3,8
DENOSUMAB,LUNG,1,1,0,1
DENOSUMAB,MELANOMA,1,1,0,1
DENOSUMAB,MULTIPLE MYELOMA,4,4,0,3
DENOSUMAB,PROSTATE,1,1,0,1
DENOSUMAB,RENAL,1,1,0,1
DENOSUMAB,UNCLASSIFIED,4,4,0,2
DEOXYCHOLIC ACID,UNCLASSIFIED,12,12,0,2
DESFLURANE,BLADDER,1,1,0,1
DESFLURANE,COLORECTAL,1,1,0,1
DESFLURANE,LIVER,1,1,0,1
DESFLURANE,OVARIAN,1,1,0,1
DESFLURANE,PANCREATIC,1,1,0,1
DESFLURANE,PROSTATE,1,1,0,1
DESFLURANE,THYROID,1,1,0,1
DESFLURANE,UNCLASSIFIED,3,3,0,2
DESIPRAMINE,UNCLASSIFIED,1,1,0,1
DESLORATADINE,LUNG,1,1,0,1
DESMOPRESSIN,BREAST,1,1,0,1
DESMOPRESSIN,COLORECTAL,1,1,0,1
DEXAMETHASONE,BLADDER,1,1,0,1
DEXAMETHASONE,BRAIN / CNS,4,3,1,4
DEXAMETHASONE,BREAST,10,10,0,9
DEXAMETHASONE,CERVICAL,1,1,0,1
DEXAMETHASONE,COLORECTAL,8,7,1,5
DEXAMETHASONE,ENDOMETRIAL,3,3,0,3
DEXAMETHASONE,ESOPHAGEAL,1,1,0,1
DEXAMETHASONE,GASTRIC,1,1,0,1
DEXAMETHASONE,LEUKEMIA,133,111,22,52
DEXAMETHASONE,LIVER,2,2,0,2
DEXAMETHASONE,LUNG,15,13,2,13
DEXAMETHASONE,LYMPHOMA,82,73,9,48
DEXAMETHASONE,MULTIPLE MYELOMA,404,297,107,143
DEXAMETHASONE,OVARIAN,7,7,0,6
DEXAMETHASONE,PANCREATIC,3,2,1,3
DEXAMETHASONE,PROSTATE,17,15,2,16
DEXAMETHASONE,RENAL,1,1,0,1
DEXAMETHASONE,UNCLASSIFIED,108,95,13,69
DEXLANSOPRAZOLE,ESOPHAGEAL,1,1,0,1
DEXMEDETOMIDINE,BLADDER,1,1,0,1
DEXMEDETOMIDINE,BRAIN / CNS,5,5,0,5
DEXMEDETOMIDINE,BREAST,7,7,0,6
DEXMEDETOMIDINE,COLORECTAL,3,3,0,3
DEXMEDETOMIDINE,GASTRIC,2,2,0,2
DEXMEDETOMIDINE,LARYNX,1,1,0,1
DEXMEDETOMIDINE,LIVER,2,2,0,1
DEXMEDETOMIDINE,LUNG,5,5,0,5
DEXMEDETOMIDINE,PROSTATE,3,3,0,2
DEXMEDETOMIDINE,THYROID,3,2,1,3
DEXMEDETOMIDINE,UNCLASSIFIED,23,23,0,18
DEXRAZOXANE,BRAIN / CNS,1,1,0,1
DEXRAZOXANE,LEUKEMIA,7,4,3,3
DEXRAZOXANE,LYMPHOMA,3,3,0,1
DEXRAZOXANE,UNCLASSIFIED,16,14,2,10
DEXTROSE,BREAST,1,0,1,1
DEXTROSE,LIVER,1,1,0,1
DIAZEPAM,PROSTATE,1,1,0,1
DIAZOXIDE,UNCLASSIFIED,1,1,0,1
DICLOFENAC,BREAST,3,3,0,3
DICLOFENAC,UNCLASSIFIED,13,12,1,12
DIDANOSINE,UNCLASSIFIED,2,2,0,1
DIETHYLSTILBESTROL,PROSTATE,1,1,0,1
DIGOXIN,BREAST,3,3,0,3
DIGOXIN,LIVER,1,1,0,1
DIGOXIN,LUNG,1,1,0,1
DIGOXIN,MELANOMA,1,1,0,1
DIGOXIN,PANCREATIC,1,0,1,1
DIGOXIN,PROSTATE,2,2,0,2
DIGOXIN,THYROID,1,1,0,1
DIGOXIN,UNCLASSIFIED,10,9,1,8
DIMETHYL FUMARATE,BRAIN / CNS,1,1,0,1
DIMETHYL FUMARATE,LYMPHOMA,1,1,0,1
DIMETHYL SULFOXIDE,BREAST,1,1,0,1
DIMETHYL SULFOXIDE,MELANOMA,1,1,0,1
DINOPROSTONE,UNCLASSIFIED,1,1,0,1
DINUTUXIMAB,UNCLASSIFIED,3,2,1,2
DIPHENHYDRAMINE,BREAST,2,2,0,2
DIPHENHYDRAMINE,ENDOMETRIAL,1,1,0,1
DIPHENHYDRAMINE,GASTRIC,1,1,0,1
DIPHENHYDRAMINE,LEUKEMIA,9,7,2,4
DIPHENHYDRAMINE,LUNG,2,2,0,2
DIPHENHYDRAMINE,LYMPHOMA,2,2,0,2
DIPHENHYDRAMINE,MULTIPLE MYELOMA,5,3,2,4
DIPHENHYDRAMINE,RENAL,1,1,0,1
DIPHENHYDRAMINE,UNCLASSIFIED,6,6,0,6
DIPYRIDAMOLE,PANCREATIC,1,1,0,1
DISULFIRAM,BRAIN / CNS,4,4,0,3
DISULFIRAM,BREAST,1,1,0,1
DISULFIRAM,PROSTATE,1,1,0,1
DISULFIRAM,UNCLASSIFIED,2,2,0,2
DOBUTAMINE,UNCLASSIFIED,2,2,0,2
DOCETAXEL,BLADDER,20,13,7,19
DOCETAXEL,BRAIN / CNS,1,1,0,1
DOCETAXEL,BREAST,249,228,21,119
DOCETAXEL,CERVICAL,4,4,0,4
DOCETAXEL,COLORECTAL,2,2,0,2
DOCETAXEL,ENDOMETRIAL,6,4,2,3
DOCETAXEL,ESOPHAGEAL,22,19,3,21
DOCETAXEL,GASTRIC,54,46,8,38
DOCETAXEL,LARYNX,12,9,3,8
DOCETAXEL,LEUKEMIA,2,2,0,2
DOCETAXEL,LIVER,1,1,0,1
DOCETAXEL,LUNG,199,166,33,96
DOCETAXEL,MELANOMA,5,5,0,5
DOCETAXEL,OVARIAN,28,26,2,20
DOCETAXEL,PANCREATIC,15,15,0,14
DOCETAXEL,PROSTATE,129,111,18,83
DOCETAXEL,THYROID,2,1,1,2
DOCETAXEL,UNCLASSIFIED,192,178,14,106
DOLASETRON,UNCLASSIFIED,2,2,0,1
DONEPEZIL,BRAIN / CNS,3,3,0,1
DONEPEZIL,BREAST,1,1,0,1
DONEPEZIL,LUNG,1,1,0,1
DONEPEZIL,UNCLASSIFIED,3,3,0,3
DOPAMINE,UNCLASSIFIED,1,1,0,1
DOXAZOSIN,BRAIN / CNS,1,1,0,1
DOXAZOSIN,UNCLASSIFIED,1,1,0,1
DOXEPIN,UNCLASSIFIED,1,1,0,1
DOXORUBICIN,BLADDER,19,17,2,11
DOXORUBICIN,BRAIN / CNS,6,4,2,5
DOXORUBICIN,BREAST,160,143,17,85
DOXORUBICIN,COLORECTAL,1,0,1,1
DOXORUBICIN,ENDOMETRIAL,13,11,2,9
DOXORUBICIN,GASTRIC,3,3,0,3
DOXORUBICIN,LEUKEMIA,81,70,11,34
DOXORUBICIN,LIVER,20,17,3,16
DOXORUBICIN,LUNG,8,7,1,8
DOXORUBICIN,LYMPHOMA,218,171,47,84
DOXORUBICIN,MULTIPLE MYELOMA,10,10,0,10
DOXORUBICIN,OVARIAN,13,12,1,9
DOXORUBICIN,PROSTATE,7,7,0,5
DOXORUBICIN,RENAL,10,10,0,5
DOXORUBICIN,THYROID,2,2,0,2
DOXORUBICIN,UNCLASSIFIED,133,117,16,54
DOXYCYCLINE,BREAST,1,0,1,1
DOXYCYCLINE,COLORECTAL,2,2,0,2
DOXYCYCLINE,LUNG,2,1,1,2
DOXYCYCLINE,OVARIAN,1,1,0,1
DOXYCYCLINE,PANCREATIC,1,1,0,1
DOXYCYCLINE,UNCLASSIFIED,8,7,1,8
DRONABINOL,BRAIN / CNS,1,1,0,1
DRONABINOL,UNCLASSIFIED,1,1,0,1
DROPERIDOL,CERVICAL,1,1,0,1
DROSPIRENONE,OVARIAN,1,1,0,1
DROSPIRENONE ETHINYL ESTRADIOL,OVARIAN,2,2,0,2
DULOXETINE,BREAST,3,3,0,3
DULOXETINE,COLORECTAL,1,0,1,1
DULOXETINE,UNCLASSIFIED,5,4,1,4
DUPILUMAB,LUNG,1,1,0,1
DURVALUMAB,BLADDER,14,7,7,10
DURVALUMAB,BRAIN / CNS,4,2,2,4
DURVALUMAB,BREAST,24,12,12,17
DURVALUMAB,COLORECTAL,11,10,1,10
DURVALUMAB,ENDOMETRIAL,1,1,0,1
DURVALUMAB,ESOPHAGEAL,8,4,4,8
DURVALUMAB,GALLBLADDER,3,1,2,2
DURVALUMAB,GASTRIC,2,0,2,2
DURVALUMAB,LARYNX,2,1,1,2
DURVALUMAB,LEUKEMIA,1,1,0,1
DURVALUMAB,LIVER,18,5,13,10
DURVALUMAB,LUNG,70,29,41,35
DURVALUMAB,LYMPHOMA,3,3,0,2
DURVALUMAB,MULTIPLE MYELOMA,3,3,0,1
DURVALUMAB,OVARIAN,2,1,1,2
DURVALUMAB,PANCREATIC,7,4,3,7
DURVALUMAB,PROSTATE,3,3,0,2
DURVALUMAB,RENAL,3,1,2,3
DURVALUMAB,THYROID,1,1,0,1
DURVALUMAB,UNCLASSIFIED,42,25,17,28
DUTASTERIDE,PROSTATE,13,12,1,10
DUTASTERIDE,UNCLASSIFIED,1,1,0,1
DUVELISIB,LEUKEMIA,6,3,3,6
DUVELISIB,LYMPHOMA,4,4,0,4
DUVELISIB,UNCLASSIFIED,3,2,1,3
ECULIZUMAB,UNCLASSIFIED,2,2,0,1
EDARAVONE,BRAIN / CNS,1,1,0,1
EDOXABAN,UNCLASSIFIED,3,3,0,3
EFAVIRENZ,LYMPHOMA,1,1,0,1
EFAVIRENZ,PANCREATIC,1,1,0,1
EFAVIRENZ,PROSTATE,1,1,0,1
EFAVIRENZ,UNCLASSIFIED,1,1,0,1
EFAVIRENZ EMTRICITABINE TENOFOVIR DISOPROXIL FUMARATE,UNCLASSIFIED,1,1,0,1
EFLORNITHINE,BLADDER,1,1,0,1
EFLORNITHINE,CERVICAL,1,1,0,1
EFLORNITHINE,COLORECTAL,1,1,0,1
EFLORNITHINE,ESOPHAGEAL,1,1,0,1
EFLORNITHINE,GASTRIC,1,1,0,1
EFLORNITHINE,MELANOMA,2,2,0,2
EFLORNITHINE,PROSTATE,2,2,0,2
EFLORNITHINE,UNCLASSIFIED,5,3,2,4
ELACESTRANT,BREAST,6,3,3,3
ELAGOLIX,ENDOMETRIAL,7,7,0,2
ELAGOLIX,OVARIAN,1,1,0,1
ELBASVIR GRAZOPREVIR,LIVER,1,1,0,1
ELIGLUSTAT,UNCLASSIFIED,1,1,0,1
ELOTUZUMAB,MULTIPLE MYELOMA,21,13,8,15
ELRANATAMAB,MULTIPLE MYELOMA,4,2,2,1
ELTROMBOPAG,LEUKEMIA,4,3,1,3
ELTROMBOPAG,MULTIPLE MYELOMA,1,1,0,1
ELTROMBOPAG,UNCLASSIFIED,4,4,0,4
ELTROMBOPAG OLAMINE,LEUKEMIA,4,4,0,4
ELTROMBOPAG OLAMINE,UNCLASSIFIED,1,1,0,1
EMPAGLIFLOZIN,OVARIAN,2,2,0,2
EMPAGLIFLOZIN,UNCLASSIFIED,1,0,1,1
ENALAPRIL,BREAST,1,1,0,1
ENALAPRIL,ESOPHAGEAL,1,1,0,1
ENALAPRIL,LUNG,1,1,0,1
ENALAPRIL,UNCLASSIFIED,1,1,0,1
ENALAPRIL MALEATE,BREAST,1,1,0,1
ENALAPRIL MALEATE,UNCLASSIFIED,1,1,0,1
ENASIDENIB,BRAIN / CNS,1,1,0,1
ENASIDENIB,LEUKEMIA,7,5,2,7
ENASIDENIB,LYMPHOMA,1,0,1,1
ENASIDENIB,UNCLASSIFIED,3,3,0,3
ENCORAFENIB,COLORECTAL,9,4,5,7
ENCORAFENIB,LEUKEMIA,1,0,1,1
ENCORAFENIB,LUNG,4,2,2,4
ENCORAFENIB,MELANOMA,9,5,4,8
ENCORAFENIB,MULTIPLE MYELOMA,1,1,0,1
ENCORAFENIB,THYROID,1,0,1,1
ENCORAFENIB,UNCLASSIFIED,3,1,2,3
ENFORTUMAB VEDOTIN EJFV,UNCLASSIFIED,1,1,0,1
ENSARTINIB,BRAIN / CNS,2,0,2,1
ENSARTINIB,LUNG,4,2,2,4
ENSARTINIB,MELANOMA,1,0,1,1
ENTACAPONE,UNCLASSIFIED,1,1,0,1
ENTECAVIR,LIVER,3,3,0,3
ENTECAVIR,UNCLASSIFIED,1,1,0,1
ENTRECTINIB,BRAIN / CNS,2,0,2,2
ENTRECTINIB,BREAST,1,0,1,1
ENTRECTINIB,LEUKEMIA,1,0,1,1
ENTRECTINIB,LUNG,3,0,3,1
ENTRECTINIB,UNCLASSIFIED,5,4,1,2
ENZALUTAMIDE,BLADDER,1,1,0,1
ENZALUTAMIDE,BREAST,11,9,2,7
ENZALUTAMIDE,ENDOMETRIAL,1,1,0,1
ENZALUTAMIDE,LIVER,1,1,0,1
ENZALUTAMIDE,LUNG,1,1,0,1
ENZALUTAMIDE,OVARIAN,2,2,0,2
ENZALUTAMIDE,PANCREATIC,1,1,0,1
ENZALUTAMIDE,PROSTATE,114,84,30,69
ENZALUTAMIDE,UNCLASSIFIED,16,11,5,12
EPINEPHRINE,GASTRIC,1,1,0,1
EPINEPHRINE,LEUKEMIA,2,1,1,1
EPINEPHRINE,LUNG,1,1,0,1
EPINEPHRINE,UNCLASSIFIED,3,3,0,3
EPIRUBICIN,BLADDER,2,1,1,2
EPIRUBICIN,BREAST,99,91,8,55
EPIRUBICIN,ENDOMETRIAL,1,1,0,1
EPIRUBICIN,ESOPHAGEAL,1,1,0,1
EPIRUBICIN,GASTRIC,18,18,0,18
EPIRUBICIN,LEUKEMIA,2,1,1,2
EPIRUBICIN,LIVER,2,2,0,2
EPIRUBICIN,LUNG,2,2,0,2
EPIRUBICIN,LYMPHOMA,5,4,1,4
EPIRUBICIN,MELANOMA,1,1,0,1
EPIRUBICIN,OVARIAN,2,2,0,2
EPIRUBICIN,PANCREATIC,3,3,0,1
EPIRUBICIN,UNCLASSIFIED,11,11,0,10
EPOETIN ALFA,BREAST,2,2,0,1
EPOETIN ALFA,GASTRIC,1,1,0,1
EPOETIN ALFA,LEUKEMIA,4,4,0,4
EPOETIN ALFA,MULTIPLE MYELOMA,2,2,0,2
EPOETIN ALFA,PROSTATE,1,1,0,1
EPOETIN ALFA,UNCLASSIFIED,14,14,0,3
ERDAFITINIB,BLADDER,6,1,5,3
ERDAFITINIB,BRAIN / CNS,3,0,3,1
ERDAFITINIB,BREAST,2,1,1,2
ERDAFITINIB,LYMPHOMA,1,0,1,1
ERDAFITINIB,OVARIAN,1,1,0,1
ERDAFITINIB,UNCLASSIFIED,4,3,1,3
ERIBULIN,BLADDER,4,1,3,1
ERIBULIN,BRAIN / CNS,1,1,0,1
ERIBULIN,BREAST,58,42,16,38
ERIBULIN,CERVICAL,1,1,0,1
ERIBULIN,LUNG,3,3,0,2
ERIBULIN,OVARIAN,2,2,0,1
ERIBULIN,PANCREATIC,1,1,0,1
ERIBULIN,PROSTATE,1,1,0,1
ERIBULIN,UNCLASSIFIED,20,18,2,13
ERLOTINIB,BLADDER,6,6,0,5
ERLOTINIB,BRAIN / CNS,12,12,0,7
ERLOTINIB,BREAST,15,15,0,11
ERLOTINIB,CERVICAL,1,1,0,1
ERLOTINIB,COLORECTAL,11,11,0,9
ERLOTINIB,ENDOMETRIAL,1,1,0,1
ERLOTINIB,ESOPHAGEAL,3,3,0,3
ERLOTINIB,GASTRIC,3,3,0,3
ERLOTINIB,LARYNX,6,6,0,4
ERLOTINIB,LEUKEMIA,2,2,0,2
ERLOTINIB,LIVER,9,9,0,5
ERLOTINIB,LUNG,179,171,8,81
ERLOTINIB,MELANOMA,2,2,0,2
ERLOTINIB,OVARIAN,7,7,0,6
ERLOTINIB,PANCREATIC,34,32,2,22
ERLOTINIB,PROSTATE,1,1,0,1
ERLOTINIB,RENAL,6,6,0,4
ERLOTINIB,UNCLASSIFIED,65,63,2,36
ERYTHROMYCIN,COLORECTAL,2,2,0,2
ERYTHROMYCIN,GASTRIC,1,1,0,1
ERYTHROMYCIN,LEUKEMIA,1,1,0,1
ERYTHROMYCIN,LUNG,1,1,0,1
ERYTHROMYCIN,UNCLASSIFIED,1,1,0,1
ESKETAMINE,BREAST,1,1,0,1
ESKETAMINE,OVARIAN,1,1,0,1
ESKETAMINE,UNCLASSIFIED,2,2,0,2
ESMOLOL,BRAIN / CNS,1,1,0,1
ESOMEPRAZOLE MAGNESIUM,ESOPHAGEAL,2,2,0,2
ESTRADIOL,BREAST,4,3,1,3
ESTRADIOL,ENDOMETRIAL,1,1,0,1
ESTRADIOL NORETHINDRONE,ENDOMETRIAL,8,8,0,2
ESTRADIOL VALERATE,UNCLASSIFIED,1,1,0,1
ESZOPICLONE,UNCLASSIFIED,1,1,0,1
ETANERCEPT,LEUKEMIA,1,1,0,1
ETANERCEPT,LUNG,1,1,0,1
ETANERCEPT,MELANOMA,1,1,0,1
ETANERCEPT,PANCREATIC,1,1,0,1
ETANERCEPT,UNCLASSIFIED,20,20,0,17
ETELCALCETIDE,RENAL,1,1,0,1
ETHACRYNIC ACID,BLADDER,1,1,0,1
ETHINYL ESTRADIOL,ENDOMETRIAL,1,1,0,1
ETHIODIZED OIL,LIVER,2,1,1,2
ETHOSUXIMIDE,UNCLASSIFIED,1,1,0,1
ETOMIDATE,PANCREATIC,1,1,0,1
ETOPOSIDE,BRAIN / CNS,35,33,2,21
ETOPOSIDE,BREAST,9,9,0,8
ETOPOSIDE,GASTRIC,1,0,1,1
ETOPOSIDE,LEUKEMIA,169,149,20,61
ETOPOSIDE,LIVER,3,1,2,3
ETOPOSIDE,LUNG,114,88,26,52
ETOPOSIDE,LYMPHOMA,189,168,21,73
ETOPOSIDE,MULTIPLE MYELOMA,15,11,4,7
ETOPOSIDE,OVARIAN,13,13,0,11
ETOPOSIDE,PANCREATIC,1,1,0,1
ETOPOSIDE,PROSTATE,11,9,2,10
ETOPOSIDE,RENAL,5,5,0,2
ETOPOSIDE,THYROID,1,1,0,1
ETOPOSIDE,UNCLASSIFIED,117,95,22,55
EVEROLIMUS,BLADDER,2,2,0,2
EVEROLIMUS,BRAIN / CNS,12,12,0,12
EVEROLIMUS,BREAST,53,43,10,36
EVEROLIMUS,CERVICAL,1,1,0,1
EVEROLIMUS,COLORECTAL,6,6,0,6
EVEROLIMUS,ENDOMETRIAL,6,4,2,4
EVEROLIMUS,ESOPHAGEAL,1,1,0,1
EVEROLIMUS,GASTRIC,4,4,0,3
EVEROLIMUS,LEUKEMIA,11,10,1,8
EVEROLIMUS,LIVER,3,3,0,3
EVEROLIMUS,LUNG,13,12,1,10
EVEROLIMUS,LYMPHOMA,12,12,0,10
EVEROLIMUS,MELANOMA,5,5,0,2
EVEROLIMUS,MULTIPLE MYELOMA,1,1,0,1
EVEROLIMUS,OVARIAN,3,3,0,3
EVEROLIMUS,PANCREATIC,8,8,0,5
EVEROLIMUS,PROSTATE,6,6,0,5
EVEROLIMUS,RENAL,26,22,4,22
EVEROLIMUS,THYROID,2,1,1,2
EVEROLIMUS,UNCLASSIFIED,63,54,9,39
EVOLOCUMAB,BRAIN / CNS,1,1,0,1
EVOLOCUMAB,RENAL,1,0,1,1
EVOLOCUMAB,UNCLASSIFIED,1,1,0,1
EXEMESTANE,BREAST,110,92,18,65
EXEMESTANE,ENDOMETRIAL,2,2,0,2
EXEMESTANE,LUNG,2,2,0,2
EXEMESTANE,LYMPHOMA,1,1,0,1
EXEMESTANE,OVARIAN,2,1,1,2
EXEMESTANE,PROSTATE,1,1,0,1
EXEMESTANE,UNCLASSIFIED,4,4,0,3
EZETIMIBE SIMVASTATIN,PROSTATE,1,1,0,1
FAM TRASTUZUMAB DERUXTECAN NXKI,BREAST,1,0,1,1
FAMOTIDINE,BREAST,1,1,0,1
FAMOTIDINE,GASTRIC,1,1,0,1
FAMOTIDINE,LEUKEMIA,1,0,1,1
FAMOTIDINE,LUNG,1,1,0,1
FAMOTIDINE,UNCLASSIFIED,2,2,0,2
FEBUXOSTAT,UNCLASSIFIED,1,1,0,1
FEDRATINIB,UNCLASSIFIED,2,1,1,2
FENOFIBRATE,BRAIN / CNS,1,1,0,1
FENOFIBRATE,BREAST,2,2,0,2
FENTANYL,BRAIN / CNS,1,0,1,1
FENTANYL,BREAST,3,3,0,3
FENTANYL,COLORECTAL,2,2,0,2
FENTANYL,LUNG,1,1,0,1
FENTANYL,PROSTATE,1,1,0,1
FENTANYL,THYROID,1,1,0,1
FENTANYL,UNCLASSIFIED,17,17,0,15
FERRIC CARBOXYMALTOSE,BREAST,1,1,0,1
FERRIC CARBOXYMALTOSE,COLORECTAL,2,2,0,1
FERRIC CARBOXYMALTOSE,UNCLASSIFIED,1,1,0,1
FERRIC MALTOL,UNCLASSIFIED,1,1,0,1
FERROUS,COLORECTAL,1,1,0,1
FERUMOXYTOL,BRAIN / CNS,4,3,1,3
FERUMOXYTOL,BREAST,1,1,0,1
FERUMOXYTOL,ESOPHAGEAL,1,1,0,1
FERUMOXYTOL,PROSTATE,2,2,0,1
FERUMOXYTOL,THYROID,1,1,0,1
FERUMOXYTOL,UNCLASSIFIED,1,1,0,1
FEXOFENADINE,UNCLASSIFIED,1,1,0,1
FEZOLINETANT,UNCLASSIFIED,1,0,1,1
FILGRASTIM,BLADDER,1,1,0,1
FILGRASTIM,BREAST,8,8,0,8
FILGRASTIM,LEUKEMIA,10,9,1,6
FILGRASTIM,LUNG,3,1,2,2
FILGRASTIM,LYMPHOMA,15,13,2,10
FILGRASTIM,MELANOMA,1,1,0,1
FILGRASTIM,MULTIPLE MYELOMA,10,10,0,9
FILGRASTIM,OVARIAN,1,1,0,1
FILGRASTIM,PANCREATIC,1,1,0,1
FILGRASTIM,PROSTATE,1,1,0,1
FILGRASTIM,UNCLASSIFIED,14,13,1,11
FINASTERIDE,PROSTATE,7,6,1,7
FINGOLIMOD,BRAIN / CNS,1,1,0,1
FINGOLIMOD,BREAST,1,1,0,1
FINGOLIMOD,UNCLASSIFIED,1,1,0,1
FLIBANSERIN,PROSTATE,1,1,0,1
FLOXURIDINE,COLORECTAL,16,14,2,9
FLOXURIDINE,ESOPHAGEAL,1,1,0,1
FLOXURIDINE,GASTRIC,3,3,0,2
FLOXURIDINE,LIVER,2,2,0,2
FLOXURIDINE,OVARIAN,1,1,0,1
FLOXURIDINE,UNCLASSIFIED,3,3,0,1
FLUCONAZOLE,LEUKEMIA,3,3,0,3
FLUCONAZOLE,LYMPHOMA,2,2,0,2
FLUCONAZOLE,PROSTATE,1,1,0,1
FLUCONAZOLE,UNCLASSIFIED,10,10,0,8
FLUCYTOSINE,BRAIN / CNS,2,2,0,1
FLUDARABINE,BRAIN / CNS,3,2,1,2
FLUDARABINE,BREAST,11,9,2,6
FLUDARABINE,CERVICAL,5,5,0,3
FLUDARABINE,COLORECTAL,3,2,1,2
FLUDARABINE,GASTRIC,1,1,0,1
FLUDARABINE,LEUKEMIA,347,299,48,106
FLUDARABINE,LIVER,1,1,0,1
FLUDARABINE,LUNG,5,1,4,5
FLUDARABINE,LYMPHOMA,64,50,14,39
FLUDARABINE,MELANOMA,33,28,5,15
FLUDARABINE,MULTIPLE MYELOMA,31,23,8,22
FLUDARABINE,OVARIAN,6,4,2,4
FLUDARABINE,PROSTATE,2,0,2,2
FLUDARABINE,RENAL,16,14,2,12
FLUDARABINE,THYROID,1,0,1,1
FLUDARABINE,UNCLASSIFIED,55,40,15,33
FLUDROCORTISONE,PROSTATE,3,3,0,1
FLUDROCORTISONE,UNCLASSIFIED,1,1,0,1
FLUMAZENIL,ESOPHAGEAL,1,1,0,1
FLUMAZENIL,GASTRIC,1,1,0,1
FLUMAZENIL,UNCLASSIFIED,1,1,0,1
FLUOCINONIDE,BREAST,1,1,0,1
FLUOROURACIL,BLADDER,10,7,3,8
FLUOROURACIL,BRAIN / CNS,1,1,0,1
FLUOROURACIL,BREAST,38,36,2,24
FLUOROURACIL,CERVICAL,4,4,0,4
FLUOROURACIL,COLORECTAL,195,170,25,100
FLUOROURACIL,ESOPHAGEAL,27,25,2,21
FLUOROURACIL,GALLBLADDER,1,0,1,1
FLUOROURACIL,GASTRIC,58,49,9,45
FLUOROURACIL,LARYNX,6,4,2,4
FLUOROURACIL,LEUKEMIA,1,1,0,1
FLUOROURACIL,LIVER,8,6,2,7
FLUOROURACIL,LUNG,5,3,2,5
FLUOROURACIL,LYMPHOMA,2,2,0,2
FLUOROURACIL,OVARIAN,1,1,0,1
FLUOROURACIL,PANCREATIC,66,55,11,46
FLUOROURACIL,RENAL,4,4,0,4
FLUOROURACIL,UNCLASSIFIED,120,107,13,75
FLUOXETINE,BRAIN / CNS,1,0,1,1
FLUOXETINE,LUNG,1,1,0,1
FLUPHENAZINE,MULTIPLE MYELOMA,1,1,0,1
FLURBIPROFEN,UNCLASSIFIED,2,2,0,2
FLUTAMIDE,OVARIAN,3,3,0,3
FLUTAMIDE,PROSTATE,32,29,3,18
FLUTAMIDE,UNCLASSIFIED,2,2,0,1
FLUTICASONE PROPIONATE,UNCLASSIFIED,2,2,0,2
FLUVOXAMINE,BREAST,1,1,0,1
FOLIC ACID,BREAST,1,1,0,1
FOLIC ACID,COLORECTAL,1,1,0,1
FOLIC ACID,LUNG,2,2,0,2
FOLIC ACID,LYMPHOMA,1,1,0,1
FOLIC ACID,OVARIAN,1,1,0,1
FOLIC ACID,UNCLASSIFIED,3,3,0,2
FOSAPREPITANT DIMEGLUMINE,UNCLASSIFIED,3,3,0,3
FOSFOMYCIN TROMETHAMINE,BLADDER,1,1,0,1
FOSTAMATINIB DISODIUM,LUNG,1,1,0,1
FOSTAMATINIB DISODIUM,LYMPHOMA,1,1,0,1
FRUQUINTINIB,COLORECTAL,8,6,2,5
FRUQUINTINIB,LUNG,1,1,0,1
FRUQUINTINIB,UNCLASSIFIED,5,5,0,3
FULVESTRANT,BREAST,171,114,57,85
FULVESTRANT,ENDOMETRIAL,3,2,1,3
FULVESTRANT,LUNG,2,2,0,2
FULVESTRANT,LYMPHOMA,1,1,0,1
FULVESTRANT,OVARIAN,3,2,1,3
FULVESTRANT,PROSTATE,2,2,0,2
FULVESTRANT,UNCLASSIFIED,7,5,2,6
FURAZOLIDONE,GASTRIC,3,3,0,2
FUROSEMIDE,BRAIN / CNS,1,1,0,1
FUROSEMIDE,LIVER,1,1,0,1
FUROSEMIDE,MELANOMA,1,0,1,1
FUROSEMIDE,PROSTATE,1,0,1,1
FUROSEMIDE,UNCLASSIFIED,1,0,1,1
FUTIBATINIB,BREAST,1,1,0,1
FUTIBATINIB,LIVER,1,1,0,1
FUTIBATINIB,PANCREATIC,1,0,1,1
FUTIBATINIB,UNCLASSIFIED,1,0,1,1
GABAPENTIN,BLADDER,1,1,0,1
GABAPENTIN,BREAST,5,5,0,5
GABAPENTIN,LEUKEMIA,1,1,0,1
GABAPENTIN,PROSTATE,2,2,0,2
GABAPENTIN,UNCLASSIFIED,11,11,0,9
GADOBENATE DIMEGLUMINE,BRAIN / CNS,1,1,0,1
GADOBENATE DIMEGLUMINE,BREAST,1,1,0,1
GADOBUTROL,BRAIN / CNS,1,1,0,1
GADOBUTROL,CERVICAL,1,0,1,1
GADOBUTROL,LIVER,1,0,1,1
GADOBUTROL,PANCREATIC,2,2,0,1
GADOBUTROL,PROSTATE,1,1,0,1
GADOBUTROL,UNCLASSIFIED,2,1,1,2
GADOPENTETATE DIMEGLUMINE,UNCLASSIFIED,1,1,0,1
GADOTERATE MEGLUMINE,BREAST,1,1,0,1
GADOTERIDOL,BRAIN / CNS,1,1,0,1
GADOXETATE DISODIUM,LIVER,2,1,1,2
GALLIUM GA 68 EDOTREOTIDE,UNCLASSIFIED,1,1,0,1
GALLIUM GA 68 GOZETOTIDE,BREAST,1,1,0,1
GALLIUM GA 68 GOZETOTIDE,LIVER,3,3,0,1
GALLIUM GA 68 GOZETOTIDE,PROSTATE,2,1,1,2
GALLIUM NITRATE,BRAIN / CNS,1,1,0,1
GALLIUM NITRATE,LYMPHOMA,2,2,0,2
GANAXOLONE,UNCLASSIFIED,2,2,0,1
GANCICLOVIR,BRAIN / CNS,1,1,0,1
GANCICLOVIR,BREAST,1,1,0,1
GANCICLOVIR,LEUKEMIA,3,3,0,2
GANCICLOVIR,LIVER,1,1,0,1
GANCICLOVIR,LYMPHOMA,2,2,0,2
GANCICLOVIR,MELANOMA,1,1,0,1
GANCICLOVIR,UNCLASSIFIED,1,1,0,1
GANIRELIX,OVARIAN,2,2,0,2
GEDATOLISIB,BREAST,4,2,2,3
GEFITINIB,BLADDER,2,2,0,2
GEFITINIB,BRAIN / CNS,7,7,0,4
GEFITINIB,BREAST,15,15,0,6
GEFITINIB,COLORECTAL,4,4,0,4
GEFITINIB,ENDOMETRIAL,1,1,0,1
GEFITINIB,ESOPHAGEAL,1,1,0,1
GEFITINIB,GASTRIC,1,1,0,1
GEFITINIB,LEUKEMIA,1,1,0,1
GEFITINIB,LIVER,1,1,0,1
GEFITINIB,LUNG,67,62,5,38
GEFITINIB,OVARIAN,3,3,0,3
GEFITINIB,PANCREATIC,2,2,0,2
GEFITINIB,PROSTATE,5,5,0,3
GEFITINIB,RENAL,2,2,0,2
GEFITINIB,UNCLASSIFIED,32,29,3,18
GEMCITABINE,BLADDER,126,92,34,69
GEMCITABINE,BRAIN / CNS,5,4,1,4
GEMCITABINE,BREAST,98,84,14,50
GEMCITABINE,CERVICAL,9,8,1,8
GEMCITABINE,COLORECTAL,9,8,1,9
GEMCITABINE,ENDOMETRIAL,4,4,0,2
GEMCITABINE,ESOPHAGEAL,1,1,0,1
GEMCITABINE,GALLBLADDER,14,10,4,10
GEMCITABINE,GASTRIC,4,3,1,4
GEMCITABINE,LEUKEMIA,8,8,0,7
GEMCITABINE,LIVER,13,9,4,11
GEMCITABINE,LUNG,173,155,18,76
GEMCITABINE,LYMPHOMA,67,57,10,44
GEMCITABINE,MULTIPLE MYELOMA,4,4,0,3
GEMCITABINE,OVARIAN,48,40,8,31
GEMCITABINE,PANCREATIC,325,290,35,182
GEMCITABINE,PROSTATE,3,3,0,3
GEMCITABINE,RENAL,13,13,0,12
GEMCITABINE,UNCLASSIFIED,179,163,16,106
GEMFIBROZIL,UNCLASSIFIED,1,1,0,1
GEMTUZUMAB OZOGAMICIN,LEUKEMIA,43,41,2,25
GENTAMICIN,UNCLASSIFIED,1,1,0,1
GILTERITINIB,LEUKEMIA,15,12,3,6
GILTERITINIB,UNCLASSIFIED,3,1,2,3
GIVINOSTAT,UNCLASSIFIED,2,1,1,1
GLASDEGIB,LEUKEMIA,5,4,1,4
GLASDEGIB,UNCLASSIFIED,1,1,0,1
GLASDEGIB MALEATE,LEUKEMIA,1,1,0,1
GLIPIZIDE,PANCREATIC,1,0,1,1
GLUCAGON,COLORECTAL,1,1,0,1
GLUCARPIDASE,LEUKEMIA,1,1,0,1
GLUCARPIDASE,LYMPHOMA,1,1,0,1
GLUCARPIDASE,UNCLASSIFIED,2,2,0,2
GLYCOPYRROLATE,BLADDER,1,1,0,1
GLYCOPYRROLATE,UNCLASSIFIED,2,2,0,2
GOLIMUMAB,LYMPHOMA,1,1,0,1
GOLIMUMAB,PROSTATE,1,0,1,1
GOLIMUMAB,UNCLASSIFIED,2,2,0,2
GOSERELIN,BREAST,34,29,5,21
GOSERELIN,ENDOMETRIAL,1,1,0,1
GOSERELIN,OVARIAN,1,1,0,1
GOSERELIN,PROSTATE,58,49,9,32
GOSERELIN,UNCLASSIFIED,2,1,1,2
GRANISETRON,BREAST,1,1,0,1
GRANISETRON,CERVICAL,2,2,0,2
GRANISETRON,LEUKEMIA,2,2,0,2
GRANISETRON,LYMPHOMA,1,1,0,1
GRANISETRON,UNCLASSIFIED,8,8,0,7
GUSELKUMAB,UNCLASSIFIED,4,4,0,2
HALOPERIDOL,UNCLASSIFIED,3,1,2,2
HALOPERIDOL DECANOATE,UNCLASSIFIED,1,0,1,1
HEXAMINOLEVULINATE,BLADDER,3,3,0,1
HEXAMINOLEVULINATE,COLORECTAL,1,1,0,1
HISTRELIN,PROSTATE,4,2,2,3
HYDROCHLOROTHIAZIDE,UNCLASSIFIED,3,3,0,3
HYDROCORTISONE,COLORECTAL,1,1,0,1
HYDROCORTISONE,LEUKEMIA,11,9,2,8
HYDROCORTISONE,LYMPHOMA,1,1,0,1
HYDROCORTISONE,MULTIPLE MYELOMA,1,1,0,1
HYDROCORTISONE,PANCREATIC,1,0,1,1
HYDROCORTISONE,PROSTATE,6,5,1,5
HYDROCORTISONE,UNCLASSIFIED,1,1,0,1
HYDROCORTISONE SODIUM SUCCINATE,BRAIN / CNS,1,1,0,1
HYDROCORTISONE SODIUM SUCCINATE,LEUKEMIA,6,4,2,3
HYDROGEN PEROXIDE,BREAST,1,1,0,1
HYDROMORPHONE,BREAST,1,1,0,1
HYDROMORPHONE,PROSTATE,1,1,0,1
HYDROMORPHONE,UNCLASSIFIED,9,8,1,7
HYDROXYCHLOROQUINE,BRAIN / CNS,3,2,1,3
HYDROXYCHLOROQUINE,BREAST,2,1,1,2
HYDROXYCHLOROQUINE,COLORECTAL,5,4,1,4
HYDROXYCHLOROQUINE,LUNG,2,1,1,2
HYDROXYCHLOROQUINE,MELANOMA,2,1,1,2
HYDROXYCHLOROQUINE,MULTIPLE MYELOMA,4,4,0,3
HYDROXYCHLOROQUINE,OVARIAN,1,1,0,1
HYDROXYCHLOROQUINE,PANCREATIC,8,8,0,8
HYDROXYCHLOROQUINE,PROSTATE,3,2,1,3
HYDROXYCHLOROQUINE,RENAL,1,1,0,1
HYDROXYCHLOROQUINE,UNCLASSIFIED,11,10,1,8
HYDROXYUREA,BRAIN / CNS,6,6,0,5
HYDROXYUREA,ESOPHAGEAL,1,1,0,1
HYDROXYUREA,GASTRIC,2,2,0,2
HYDROXYUREA,LARYNX,4,4,0,3
HYDROXYUREA,LEUKEMIA,7,7,0,7
HYDROXYUREA,LYMPHOMA,1,1,0,1
HYDROXYUREA,UNCLASSIFIED,10,10,0,6
HYDROXYZINE,UNCLASSIFIED,1,1,0,1
IBERDOMIDE,LYMPHOMA,1,0,1,1
IBERDOMIDE,MULTIPLE MYELOMA,11,0,11,11
IBRITUMOMAB TIUXETAN,LYMPHOMA,5,5,0,5
IBRUTINIB,BRAIN / CNS,2,0,2,2
IBRUTINIB,BREAST,2,1,1,2
IBRUTINIB,COLORECTAL,2,2,0,2
IBRUTINIB,LEUKEMIA,69,43,26,34
IBRUTINIB,LUNG,1,1,0,1
IBRUTINIB,LYMPHOMA,61,41,20,32
IBRUTINIB,MELANOMA,2,1,1,2
IBRUTINIB,MULTIPLE MYELOMA,3,3,0,3
IBRUTINIB,PANCREATIC,2,2,0,2
IBRUTINIB,PROSTATE,1,1,0,1
IBRUTINIB,RENAL,1,1,0,1
IBRUTINIB,UNCLASSIFIED,14,12,2,11
IBUPROFEN,BREAST,1,1,0,1
IBUPROFEN,COLORECTAL,1,1,0,1
IBUPROFEN,ENDOMETRIAL,1,1,0,1
IBUPROFEN,LEUKEMIA,1,1,0,1
IBUPROFEN,PROSTATE,1,1,0,1
IBUPROFEN,UNCLASSIFIED,7,7,0,7
ICOSAPENT ETHYL,COLORECTAL,1,0,1,1
IDARUBICIN,LEUKEMIA,100,93,7,43
IDARUBICIN,LIVER,2,2,0,2
IDARUBICIN,LYMPHOMA,2,2,0,1
IDARUBICIN,MULTIPLE MYELOMA,1,1,0,1
IDARUBICIN,UNCLASSIFIED,2,1,1,2
IDELALISIB,LEUKEMIA,12,9,3,7
IDELALISIB,LYMPHOMA,7,7,0,4
IDELALISIB,UNCLASSIFIED,1,1,0,1
IFOSFAMIDE,BLADDER,4,4,0,3
IFOSFAMIDE,BRAIN / CNS,4,4,0,3
IFOSFAMIDE,BREAST,2,2,0,2
IFOSFAMIDE,CERVICAL,1,1,0,1
IFOSFAMIDE,ENDOMETRIAL,1,1,0,1
IFOSFAMIDE,LEUKEMIA,24,22,2,16
IFOSFAMIDE,LIVER,1,1,0,1
IFOSFAMIDE,LUNG,7,6,1,6
IFOSFAMIDE,LYMPHOMA,54,46,8,29
IFOSFAMIDE,OVARIAN,12,12,0,8
IFOSFAMIDE,RENAL,2,2,0,2
IFOSFAMIDE,THYROID,1,1,0,1
IFOSFAMIDE,UNCLASSIFIED,76,67,9,35
ILOPROST,LUNG,3,3,0,3
IMATINIB,BRAIN / CNS,10,10,0,6
IMATINIB,BREAST,5,5,0,4
IMATINIB,COLORECTAL,1,1,0,1
IMATINIB,ENDOMETRIAL,1,1,0,1
IMATINIB,GASTRIC,3,3,0,3
IMATINIB,LEUKEMIA,86,77,9,44
IMATINIB,LUNG,9,9,0,7
IMATINIB,LYMPHOMA,1,1,0,1
IMATINIB,MELANOMA,3,3,0,2
IMATINIB,OVARIAN,6,6,0,4
IMATINIB,PANCREATIC,2,2,0,2
IMATINIB,PROSTATE,5,5,0,2
IMATINIB,RENAL,2,2,0,2
IMATINIB,UNCLASSIFIED,56,52,4,34
IMIPRAMINE,BREAST,1,1,0,1
IMIQUIMOD,BRAIN / CNS,4,4,0,4
IMIQUIMOD,BREAST,4,4,0,3
IMIQUIMOD,CERVICAL,7,7,0,6
IMIQUIMOD,COLORECTAL,1,0,1,1
IMIQUIMOD,LEUKEMIA,1,1,0,1
IMIQUIMOD,LUNG,1,1,0,1
IMIQUIMOD,MELANOMA,8,8,0,8
IMIQUIMOD,PROSTATE,1,1,0,1
IMIQUIMOD,UNCLASSIFIED,40,40,0,25
INAVOLISIB,BREAST,3,0,3,2
INAVOLISIB,LUNG,1,0,1,1
INAVOLISIB,OVARIAN,1,0,1,1
INAVOLISIB,UNCLASSIFIED,4,2,2,3
INDINAVIR,UNCLASSIFIED,2,2,0,2
INDOCYANINE GREEN,BRAIN / CNS,1,1,0,1
INDOCYANINE GREEN,BREAST,13,13,0,10
INDOCYANINE GREEN,COLORECTAL,2,2,0,2
INDOCYANINE GREEN,ENDOMETRIAL,2,1,1,2
INDOCYANINE GREEN,ESOPHAGEAL,1,1,0,1
INDOCYANINE GREEN,GASTRIC,1,0,1,1
INDOCYANINE GREEN,LIVER,1,1,0,1
INDOCYANINE GREEN,LUNG,5,5,0,5
INDOCYANINE GREEN,MELANOMA,3,3,0,3
INDOCYANINE GREEN,PROSTATE,1,1,0,1
INDOCYANINE GREEN,RENAL,1,1,0,1
INDOCYANINE GREEN,THYROID,1,1,0,1
INDOCYANINE GREEN,UNCLASSIFIED,6,6,0,6
INDOMETHACIN,BREAST,1,1,0,1
INDOMETHACIN,CERVICAL,1,1,0,1
INDOMETHACIN,COLORECTAL,1,1,0,1
INDOMETHACIN,MELANOMA,1,1,0,1
INDOMETHACIN,PROSTATE,1,1,0,1
INDOMETHACIN,UNCLASSIFIED,3,3,0,2
INFIGRATINIB,UNCLASSIFIED,1,1,0,1
INFLIXIMAB,LYMPHOMA,1,1,0,1
INFLIXIMAB,MELANOMA,2,0,2,1
INFLIXIMAB,UNCLASSIFIED,5,5,0,4
INGENOL MEBUTATE,UNCLASSIFIED,19,19,0,8
INOTUZUMAB OZOGAMICIN,LEUKEMIA,5,3,2,3
INOTUZUMAB OZOGAMICIN,LYMPHOMA,3,3,0,2
INTERFERON ALFA 2B,LEUKEMIA,1,1,0,1
INTERFERON ALFA 2B,MELANOMA,2,2,0,2
INTERFERON ALFA 2B,OVARIAN,1,1,0,1
INTERFERON ALFA 2B,PANCREATIC,1,1,0,1
INTERFERON ALFA 2B,UNCLASSIFIED,4,4,0,3
INTERFERON BETA 1B,UNCLASSIFIED,1,1,0,1
INTERFERON GAMMA 1B,UNCLASSIFIED,1,1,0,1
IOHEXOL,UNCLASSIFIED,2,1,1,2
IOPAMIDOL,UNCLASSIFIED,1,1,0,1
IOVERSOL,LEUKEMIA,1,1,0,1
IPILIMUMAB,BLADDER,6,4,2,6
IPILIMUMAB,BRAIN / CNS,4,3,1,4
IPILIMUMAB,BREAST,6,3,3,6
IPILIMUMAB,COLORECTAL,10,6,4,9
IPILIMUMAB,ESOPHAGEAL,1,1,0,1
IPILIMUMAB,GALLBLADDER,2,1,1,2
IPILIMUMAB,GASTRIC,4,3,1,4
IPILIMUMAB,LEUKEMIA,3,1,2,3
IPILIMUMAB,LIVER,7,6,1,5
IPILIMUMAB,LUNG,27,19,8,19
IPILIMUMAB,LYMPHOMA,3,2,1,3
IPILIMUMAB,MELANOMA,67,53,14,42
IPILIMUMAB,OVARIAN,3,2,1,3
IPILIMUMAB,PANCREATIC,9,7,2,5
IPILIMUMAB,PROSTATE,16,13,3,12
IPILIMUMAB,RENAL,12,7,5,12
IPILIMUMAB,THYROID,1,1,0,1
IPILIMUMAB,UNCLASSIFIED,45,32,13,34
IPTACOPAN,UNCLASSIFIED,1,0,1,1
IRINOTECAN,BLADDER,3,3,0,3
IRINOTECAN,BRAIN / CNS,42,39,3,25
IRINOTECAN,BREAST,15,14,1,10
IRINOTECAN,CERVICAL,3,2,1,3
IRINOTECAN,COLORECTAL,208,187,21,112
IRINOTECAN,ESOPHAGEAL,21,19,2,16
IRINOTECAN,GALLBLADDER,2,2,0,2
IRINOTECAN,GASTRIC,42,40,2,26
IRINOTECAN,LARYNX,1,1,0,1
IRINOTECAN,LEUKEMIA,3,3,0,3
IRINOTECAN,LIVER,5,3,2,5
IRINOTECAN,LUNG,40,37,3,27
IRINOTECAN,LYMPHOMA,4,4,0,3
IRINOTECAN,OVARIAN,2,2,0,2
IRINOTECAN,PANCREATIC,41,30,11,32
IRINOTECAN,RENAL,2,2,0,2
IRINOTECAN,UNCLASSIFIED,116,103,13,63
IRON DEXTRAN,UNCLASSIFIED,1,1,0,1
IRON SUCROSE,LUNG,1,1,0,1
ISATUXIMAB IRFC,MULTIPLE MYELOMA,1,0,1,1
ISAVUCONAZONIUM,UNCLASSIFIED,1,1,0,1
ISOFLURANE,BREAST,1,1,0,1
ISOSULFAN BLUE,BREAST,4,3,1,4
ISOSULFAN BLUE,COLORECTAL,1,1,0,1
ISOSULFAN BLUE,ENDOMETRIAL,1,1,0,1
ISOSULFAN BLUE,UNCLASSIFIED,1,1,0,1
ISOTRETINOIN,BRAIN / CNS,3,3,0,3
ISOTRETINOIN,CERVICAL,1,1,0,1
ISOTRETINOIN,LEUKEMIA,4,4,0,3
ISOTRETINOIN,LUNG,1,1,0,1
ISOTRETINOIN,MELANOMA,1,1,0,1
ISOTRETINOIN,MULTIPLE MYELOMA,1,1,0,1
ISOTRETINOIN,PROSTATE,1,1,0,1
ISOTRETINOIN,RENAL,2,2,0,2
ISOTRETINOIN,UNCLASSIFIED,26,24,2,8
ITRACONAZOLE,BRAIN / CNS,2,2,0,2
ITRACONAZOLE,BREAST,4,4,0,4
ITRACONAZOLE,LEUKEMIA,2,1,1,2
ITRACONAZOLE,LUNG,4,4,0,4
ITRACONAZOLE,LYMPHOMA,4,4,0,3
ITRACONAZOLE,MELANOMA,1,1,0,1
ITRACONAZOLE,MULTIPLE MYELOMA,1,1,0,1
ITRACONAZOLE,OVARIAN,1,1,0,1
ITRACONAZOLE,PROSTATE,2,2,0,2
ITRACONAZOLE,UNCLASSIFIED,26,26,0,19
IVOSIDENIB,BRAIN / CNS,2,0,2,1
IVOSIDENIB,LEUKEMIA,1,1,0,1
IVOSIDENIB,PANCREATIC,1,0,1,1
IVOSIDENIB,UNCLASSIFIED,3,2,1,3
IXABEPILONE,BLADDER,1,1,0,1
IXABEPILONE,BRAIN / CNS,1,1,0,1
IXABEPILONE,BREAST,30,29,1,17
IXABEPILONE,ENDOMETRIAL,3,2,1,1
IXABEPILONE,GASTRIC,3,3,0,3
IXABEPILONE,LARYNX,1,1,0,1
IXABEPILONE,LEUKEMIA,1,1,0,1
IXABEPILONE,LIVER,1,1,0,1
IXABEPILONE,LUNG,2,2,0,2
IXABEPILONE,LYMPHOMA,2,2,0,1
IXABEPILONE,MELANOMA,1,1,0,1
IXABEPILONE,OVARIAN,4,4,0,4
IXABEPILONE,PANCREATIC,2,2,0,2
IXABEPILONE,PROSTATE,6,6,0,4
IXABEPILONE,RENAL,3,3,0,1
IXABEPILONE,UNCLASSIFIED,13,12,1,7
IXAZOMIB,BLADDER,1,0,1,1
IXAZOMIB,BRAIN / CNS,1,1,0,1
IXAZOMIB,LEUKEMIA,5,3,2,5
IXAZOMIB,LYMPHOMA,6,6,0,3
IXAZOMIB,MULTIPLE MYELOMA,46,38,8,26
IXAZOMIB,RENAL,1,1,0,1
IXAZOMIB,UNCLASSIFIED,12,9,3,8
KETAMINE,BRAIN / CNS,1,0,1,1
KETAMINE,BREAST,2,2,0,2
KETAMINE,LUNG,1,1,0,1
KETAMINE,PANCREATIC,2,2,0,2
KETAMINE,UNCLASSIFIED,18,18,0,14
KETOCONAZOLE,BRAIN / CNS,1,0,1,1
KETOCONAZOLE,LEUKEMIA,1,1,0,1
KETOCONAZOLE,LYMPHOMA,4,4,0,4
KETOCONAZOLE,PROSTATE,12,11,1,9
KETOCONAZOLE,UNCLASSIFIED,11,11,0,10
KETOPROFEN,CERVICAL,1,1,0,1
KETOROLAC TROMETHAMINE,PANCREATIC,1,0,1,1
L GLUTAMINE,PANCREATIC,1,1,0,1
LABETALOL,UNCLASSIFIED,1,1,0,1
LACTULOSE,UNCLASSIFIED,1,1,0,1
LAMIVUDINE,COLORECTAL,1,1,0,1
LAMIVUDINE,LYMPHOMA,1,1,0,1
LAMIVUDINE,UNCLASSIFIED,3,2,1,3
LAMOTRIGINE,UNCLASSIFIED,1,1,0,1
LANREOTIDE,BRAIN / CNS,1,0,1,1
LANREOTIDE,PANCREATIC,1,1,0,1
LANREOTIDE,UNCLASSIFIED,3,3,0,2
LANSOPRAZOLE,BREAST,1,1,0,1
LANSOPRAZOLE,CERVICAL,1,1,0,1
LANSOPRAZOLE,ESOPHAGEAL,1,1,0,1
LANSOPRAZOLE,UNCLASSIFIED,2,2,0,2
LAPATINIB DITOSYLATE,BLADDER,1,1,0,1
LAPATINIB DITOSYLATE,BRAIN / CNS,4,4,0,1
LAPATINIB DITOSYLATE,BREAST,24,24,0,13
LAPATINIB DITOSYLATE,ENDOMETRIAL,1,1,0,1
LAPATINIB DITOSYLATE,GASTRIC,1,1,0,1
LAPATINIB DITOSYLATE,LARYNX,3,3,0,2
LAPATINIB DITOSYLATE,LIVER,2,2,0,1
LAPATINIB DITOSYLATE,LYMPHOMA,1,1,0,1
LAPATINIB DITOSYLATE,OVARIAN,1,1,0,1
LAPATINIB DITOSYLATE,PANCREATIC,1,1,0,1
LAPATINIB DITOSYLATE,PROSTATE,3,3,0,2
LAPATINIB DITOSYLATE,THYROID,1,0,1,1
LAPATINIB DITOSYLATE,UNCLASSIFIED,4,4,0,4
LAROTRECTINIB,BRAIN / CNS,2,0,2,2
LAROTRECTINIB,BREAST,1,0,1,1
LAROTRECTINIB,LYMPHOMA,1,0,1,1
LAROTRECTINIB,RENAL,1,0,1,1
LAZERTINIB,LUNG,13,3,10,6
LEFLUNOMIDE,BRAIN / CNS,2,2,0,1
LEFLUNOMIDE,BREAST,1,1,0,1
LEFLUNOMIDE,MULTIPLE MYELOMA,3,1,2,1
LEFLUNOMIDE,PROSTATE,1,1,0,1
LEFLUNOMIDE,UNCLASSIFIED,3,3,0,3
LENALIDOMIDE,BLADDER,1,1,0,1
LENALIDOMIDE,BRAIN / CNS,7,6,1,4
LENALIDOMIDE,COLORECTAL,1,1,0,1
LENALIDOMIDE,LEUKEMIA,76,68,8,36
LENALIDOMIDE,LIVER,3,3,0,3
LENALIDOMIDE,LYMPHOMA,107,71,36,52
LENALIDOMIDE,MELANOMA,1,1,0,1
LENALIDOMIDE,MULTIPLE MYELOMA,222,150,72,94
LENALIDOMIDE,OVARIAN,1,1,0,1
LENALIDOMIDE,PANCREATIC,2,2,0,2
LENALIDOMIDE,PROSTATE,5,5,0,5
LENALIDOMIDE,RENAL,2,2,0,2
LENALIDOMIDE,THYROID,2,2,0,2
LENALIDOMIDE,UNCLASSIFIED,28,24,4,21
LENVATINIB,BLADDER,1,1,0,1
LENVATINIB,BRAIN / CNS,2,2,0,2
LENVATINIB,BREAST,2,2,0,1
LENVATINIB,CERVICAL,1,0,1,1
LENVATINIB,COLORECTAL,4,3,1,3
LENVATINIB,ENDOMETRIAL,6,5,1,3
LENVATINIB,ESOPHAGEAL,2,1,1,2
LENVATINIB,GALLBLADDER,2,2,0,2
LENVATINIB,GASTRIC,5,2,3,4
LENVATINIB,LIVER,21,14,7,16
LENVATINIB,LUNG,12,10,2,4
LENVATINIB,LYMPHOMA,3,3,0,1
LENVATINIB,MELANOMA,8,7,1,3
LENVATINIB,OVARIAN,4,1,3,4
LENVATINIB,PANCREATIC,2,1,1,2
LENVATINIB,PROSTATE,2,0,2,2
LENVATINIB,RENAL,17,7,10,8
LENVATINIB,THYROID,11,9,2,9
LENVATINIB,UNCLASSIFIED,30,21,9,18
LETERMOVIR,LEUKEMIA,2,1,1,2
LETERMOVIR,UNCLASSIFIED,1,0,1,1
LETROZOLE,BREAST,178,141,37,89
LETROZOLE,ENDOMETRIAL,14,11,3,11
LETROZOLE,OVARIAN,26,23,3,23
LETROZOLE,UNCLASSIFIED,7,4,3,7
LEVAMISOLE,COLORECTAL,3,3,0,2
LEVETIRACETAM,BRAIN / CNS,3,3,0,3
LEVETIRACETAM,LYMPHOMA,1,1,0,1
LEVETIRACETAM,UNCLASSIFIED,1,1,0,1
LEVOBUPIVACAINE,BRAIN / CNS,1,1,0,1
LEVOBUPIVACAINE,BREAST,5,3,2,5
LEVOBUPIVACAINE,UNCLASSIFIED,1,1,0,1
LEVOFLOXACIN,BLADDER,1,1,0,1
LEVOFLOXACIN,BREAST,1,1,0,1
LEVOFLOXACIN,LEUKEMIA,2,2,0,2
LEVOFLOXACIN,PROSTATE,1,1,0,1
LEVOFLOXACIN,UNCLASSIFIED,1,1,0,1
LEVOLEUCOVORIN,COLORECTAL,2,2,0,2
LEVOLEUCOVORIN,ESOPHAGEAL,1,1,0,1
LEVOLEUCOVORIN,LEUKEMIA,1,0,1,1
LEVOLEUCOVORIN,PANCREATIC,1,0,1,1
LEVOLEUCOVORIN,UNCLASSIFIED,1,1,0,1
LEVONORGESTREL,ENDOMETRIAL,1,0,1,1
LEVONORGESTREL,OVARIAN,1,1,0,1
LEVONORGESTREL,UNCLASSIFIED,1,1,0,1
LIDOCAINE,BLADDER,1,1,0,1
LIDOCAINE,BRAIN / CNS,1,1,0,1
LIDOCAINE,BREAST,4,4,0,4
LIDOCAINE,COLORECTAL,8,8,0,6
LIDOCAINE,ENDOMETRIAL,1,1,0,1
LIDOCAINE,GASTRIC,1,1,0,1
LIDOCAINE,LEUKEMIA,1,1,0,1
LIDOCAINE,LIVER,1,1,0,1
LIDOCAINE,LUNG,2,2,0,2
LIDOCAINE,PANCREATIC,2,2,0,2
LIDOCAINE,PROSTATE,4,3,1,4
LIDOCAINE,THYROID,2,2,0,2
LIDOCAINE,UNCLASSIFIED,10,9,1,10
LINACLOTIDE,COLORECTAL,2,1,1,2
LINACLOTIDE,ESOPHAGEAL,1,1,0,1
LINEZOLID,UNCLASSIFIED,2,2,0,2
LIRAGLUTIDE,OVARIAN,2,2,0,2
LISINOPRIL,BREAST,1,1,0,1
LISINOPRIL,LIVER,1,0,1,1
LISINOPRIL,LUNG,1,1,0,1
LISINOPRIL,UNCLASSIFIED,1,1,0,1
LITHIUM CARBONATE,BREAST,1,1,0,1
LITHIUM CARBONATE,LEUKEMIA,1,1,0,1
LITHIUM CARBONATE,LUNG,1,1,0,1
LITHIUM CARBONATE,PROSTATE,1,1,0,1
LITHIUM CARBONATE,THYROID,1,1,0,1
LITHIUM CARBONATE,UNCLASSIFIED,3,3,0,3
LOMUSTINE,BRAIN / CNS,31,27,4,22
LOMUSTINE,BREAST,1,0,1,1
LOMUSTINE,LEUKEMIA,1,1,0,1
LOMUSTINE,LUNG,1,1,0,1
LOMUSTINE,LYMPHOMA,4,4,0,3
LOMUSTINE,MELANOMA,2,2,0,2
LOMUSTINE,UNCLASSIFIED,2,1,1,1
LONAFARNIB,BLADDER,1,1,0,1
LONAFARNIB,BRAIN / CNS,2,1,1,2
LONAFARNIB,BREAST,2,2,0,2
LONAFARNIB,LYMPHOMA,1,1,0,1
LONAFARNIB,OVARIAN,1,1,0,1
LOPERAMIDE,BREAST,8,6,2,6
LOPERAMIDE,CERVICAL,1,1,0,1
LOPERAMIDE,COLORECTAL,1,1,0,1
LOPERAMIDE,LUNG,1,1,0,1
LORATADINE,BREAST,1,1,0,1
LORATADINE,UNCLASSIFIED,1,1,0,1
LORAZEPAM,UNCLASSIFIED,2,0,2,1
LORLATINIB,LUNG,11,4,7,6
LORLATINIB,LYMPHOMA,1,1,0,1
LORLATINIB,UNCLASSIFIED,3,2,1,3
LOVASTATIN,MELANOMA,1,1,0,1
LOVASTATIN,PROSTATE,1,1,0,1
LOVASTATIN,UNCLASSIFIED,4,3,1,4
LUBIPROSTONE,COLORECTAL,1,1,0,1
LURBINECTEDIN,COLORECTAL,1,1,0,1
LURBINECTEDIN,LUNG,6,2,4,6
LURBINECTEDIN,UNCLASSIFIED,6,3,3,5
LUTETIUM LU 177 DOTATATE,LIVER,1,1,0,1
LUTETIUM LU 177 DOTATATE,PANCREATIC,1,0,1,1
LUTETIUM LU 177 DOTATATE,UNCLASSIFIED,3,0,3,1
LUTETIUM LU 177 VIPIVOTIDE TETRAXETAN,PROSTATE,1,0,1,1
MACIMORELIN,UNCLASSIFIED,1,1,0,1
MANGANESE CHLORIDE,OVARIAN,1,1,0,1
MANNITOL,BRAIN / CNS,4,4,0,4
MANNITOL,RENAL,1,1,0,1
MANNITOL,UNCLASSIFIED,2,2,0,2
MARAVIROC,COLORECTAL,1,1,0,1
MARAVIROC,LEUKEMIA,1,1,0,1
MARAVIROC,UNCLASSIFIED,2,2,0,2
MAVORIXAFOR,UNCLASSIFIED,1,1,0,1
MEBENDAZOLE,BRAIN / CNS,3,2,1,2
MECHLORETHAMINE,BRAIN / CNS,1,1,0,1
MECHLORETHAMINE,LYMPHOMA,6,4,2,4
MECHLORETHAMINE,UNCLASSIFIED,1,1,0,1
MECLIZINE,LIVER,1,1,0,1
MEDROXYPROGESTERONE,BREAST,2,2,0,2
MEDROXYPROGESTERONE,ENDOMETRIAL,5,5,0,4
MEDROXYPROGESTERONE,PROSTATE,1,1,0,1
MEDROXYPROGESTERONE,RENAL,2,2,0,1
MEGESTROL,BRAIN / CNS,1,1,0,1
MEGESTROL,BREAST,3,3,0,3
MEGESTROL,ENDOMETRIAL,7,4,3,5
MEGESTROL,LIVER,1,1,0,1
MEGESTROL,LUNG,1,1,0,1
MEGESTROL,UNCLASSIFIED,7,6,1,5
MELOXICAM,LYMPHOMA,2,2,0,2
MELOXICAM,UNCLASSIFIED,1,1,0,1
MELPHALAN,BRAIN / CNS,5,4,1,5
MELPHALAN,BREAST,9,9,0,7
MELPHALAN,COLORECTAL,6,6,0,2
MELPHALAN,LEUKEMIA,86,72,14,33
MELPHALAN,LIVER,2,2,0,1
MELPHALAN,LYMPHOMA,60,57,3,29
MELPHALAN,MELANOMA,7,7,0,6
MELPHALAN,MULTIPLE MYELOMA,117,108,9,53
MELPHALAN,OVARIAN,7,7,0,5
MELPHALAN,PROSTATE,1,1,0,1
MELPHALAN,RENAL,1,1,0,1
MELPHALAN,UNCLASSIFIED,46,43,3,31
MEMANTINE,BRAIN / CNS,5,4,1,5
MEMANTINE,BREAST,1,1,0,1
MEMANTINE,UNCLASSIFIED,1,1,0,1
MEPERIDINE,CERVICAL,1,1,0,1
MEPERIDINE,PANCREATIC,1,1,0,1
MEPERIDINE,UNCLASSIFIED,1,1,0,1
MERCAPTOPURINE,BRAIN / CNS,2,2,0,2
MERCAPTOPURINE,LEUKEMIA,81,69,12,28
MERCAPTOPURINE,LYMPHOMA,7,7,0,4
MEROPENEM,UNCLASSIFIED,2,2,0,1
MESNA,BRAIN / CNS,4,4,0,2
MESNA,BREAST,5,5,0,5
MESNA,LEUKEMIA,25,19,6,11
MESNA,LUNG,1,1,0,1
MESNA,LYMPHOMA,17,15,2,9
MESNA,MELANOMA,2,0,2,1
MESNA,MULTIPLE MYELOMA,1,1,0,1
MESNA,OVARIAN,1,1,0,1
MESNA,UNCLASSIFIED,24,20,4,13
METFORMIN,BLADDER,1,0,1,1
METFORMIN,BRAIN / CNS,4,2,2,4
METFORMIN,BREAST,24,22,2,21
METFORMIN,CERVICAL,2,2,0,2
METFORMIN,COLORECTAL,6,6,0,6
METFORMIN,ENDOMETRIAL,8,7,1,6
METFORMIN,ESOPHAGEAL,2,2,0,2
METFORMIN,LARYNX,1,1,0,1
METFORMIN,LEUKEMIA,4,4,0,4
METFORMIN,LUNG,2,2,0,2
METFORMIN,LYMPHOMA,1,1,0,1
METFORMIN,MELANOMA,1,0,1,1
METFORMIN,MULTIPLE MYELOMA,1,1,0,1
METFORMIN,OVARIAN,79,77,2,60
METFORMIN,PANCREATIC,8,6,2,7
METFORMIN,PROSTATE,8,6,2,8
METFORMIN,THYROID,2,2,0,2
METFORMIN,UNCLASSIFIED,20,17,3,15
METHADONE,BLADDER,1,1,0,1
METHADONE,UNCLASSIFIED,8,7,1,7
METHOTREXATE,BLADDER,13,12,1,10
METHOTREXATE,BRAIN / CNS,16,16,0,12
METHOTREXATE,BREAST,29,28,1,20
METHOTREXATE,CERVICAL,1,1,0,1
METHOTREXATE,COLORECTAL,1,1,0,1
METHOTREXATE,ENDOMETRIAL,1,1,0,1
METHOTREXATE,LEUKEMIA,226,200,26,63
METHOTREXATE,LUNG,2,1,1,2
METHOTREXATE,LYMPHOMA,64,62,2,34
METHOTREXATE,MELANOMA,1,1,0,1
METHOTREXATE,MULTIPLE MYELOMA,4,3,1,4
METHOTREXATE,OVARIAN,1,1,0,1
METHOTREXATE,RENAL,2,2,0,2
METHOTREXATE,UNCLASSIFIED,61,57,4,46
METHOXY POLYETHYLENE GLYCOL EPOETIN BETA,UNCLASSIFIED,1,1,0,1
METHOXYFLURANE,UNCLASSIFIED,1,1,0,1
METHYL AMINOLEVULINATE,UNCLASSIFIED,1,1,0,1
METHYLENE BLUE,BREAST,4,4,0,3
METHYLENE BLUE,LUNG,1,1,0,1
METHYLENE BLUE,MELANOMA,1,1,0,1
METHYLENE BLUE,UNCLASSIFIED,4,3,1,4
METHYLNALTREXONE BROMIDE,UNCLASSIFIED,1,1,0,1
METHYLPHENIDATE,BRAIN / CNS,1,1,0,1
METHYLPHENIDATE,PROSTATE,2,0,2,1
METHYLPHENIDATE,UNCLASSIFIED,10,8,2,6
METHYLPREDNISOLONE,BREAST,3,3,0,3
METHYLPREDNISOLONE,LEUKEMIA,44,40,4,21
METHYLPREDNISOLONE,LYMPHOMA,13,12,1,10
METHYLPREDNISOLONE,MELANOMA,1,0,1,1
METHYLPREDNISOLONE,MULTIPLE MYELOMA,2,1,1,2
METHYLPREDNISOLONE,PROSTATE,2,2,0,2
METHYLPREDNISOLONE,RENAL,1,1,0,1
METHYLPREDNISOLONE,UNCLASSIFIED,10,10,0,10
METHYLPREDNISOLONE SODIUM SUCCINATE,LEUKEMIA,1,1,0,1
METHYLTESTOSTERONE,OVARIAN,1,1,0,1
METOCLOPRAMIDE,COLORECTAL,1,1,0,1
METOCLOPRAMIDE,PROSTATE,1,0,1,1
METOCLOPRAMIDE,UNCLASSIFIED,4,4,0,4
METRONIDAZOLE,COLORECTAL,1,0,1,1
METRONIDAZOLE,LYMPHOMA,2,2,0,2
METRONIDAZOLE,UNCLASSIFIED,1,1,0,1
METYRAPONE,UNCLASSIFIED,1,0,1,1
MIDAZOLAM,BLADDER,1,0,1,1
MIDAZOLAM,BRAIN / CNS,2,2,0,2
MIDAZOLAM,BREAST,9,7,2,8
MIDAZOLAM,COLORECTAL,1,1,0,1
MIDAZOLAM,GASTRIC,1,1,0,1
MIDAZOLAM,LEUKEMIA,3,2,1,3
MIDAZOLAM,LUNG,9,9,0,9
MIDAZOLAM,LYMPHOMA,1,1,0,1
MIDAZOLAM,MELANOMA,1,1,0,1
MIDAZOLAM,MULTIPLE MYELOMA,1,1,0,1
MIDAZOLAM,PANCREATIC,2,2,0,2
MIDAZOLAM,PROSTATE,3,2,1,3
MIDAZOLAM,UNCLASSIFIED,33,32,1,23
MIDOSTAURIN,COLORECTAL,1,1,0,1
MIDOSTAURIN,LEUKEMIA,15,13,2,10
MIFEPRISTONE,BREAST,5,4,1,3
MIFEPRISTONE,ENDOMETRIAL,3,3,0,2
MIFEPRISTONE,OVARIAN,1,1,0,1
MIFEPRISTONE,PROSTATE,2,2,0,2
MIFEPRISTONE,UNCLASSIFIED,6,6,0,4
MILNACIPRAN,UNCLASSIFIED,1,1,0,1
MINOCYCLINE,BRAIN / CNS,2,2,0,2
MINOCYCLINE,BREAST,2,2,0,2
MINOCYCLINE,COLORECTAL,1,1,0,1
MINOCYCLINE,ESOPHAGEAL,1,1,0,1
MINOCYCLINE,LUNG,3,2,1,2
MINOCYCLINE,MULTIPLE MYELOMA,2,2,0,1
MINOCYCLINE,PANCREATIC,1,1,0,1
MINOCYCLINE,UNCLASSIFIED,2,2,0,2
MINOXIDIL,UNCLASSIFIED,1,0,1,1
MIRABEGRON,BLADDER,1,1,0,1
MIRABEGRON,UNCLASSIFIED,2,2,0,2
MIRDAMETINIB,BREAST,1,1,0,1
MIRDAMETINIB,UNCLASSIFIED,1,1,0,1
MIRTAZAPINE,BREAST,2,2,0,2
MIRTAZAPINE,LUNG,1,1,0,1
MIRTAZAPINE,UNCLASSIFIED,4,3,1,4
MISOPROSTOL,ENDOMETRIAL,1,1,0,1
MISOPROSTOL,UNCLASSIFIED,4,4,0,4
MITOMYCIN,BLADDER,5,2,3,4
MITOMYCIN,COLORECTAL,1,0,1,1
MITOMYCIN,GASTRIC,1,1,0,1
MITOMYCIN,LIVER,2,2,0,2
MITOMYCIN,LUNG,1,1,0,1
MITOMYCIN,UNCLASSIFIED,3,1,2,3
MITOTANE,PROSTATE,1,1,0,1
MITOTANE,UNCLASSIFIED,2,2,0,2
MITOXANTRONE,BREAST,5,5,0,5
MITOXANTRONE,LEUKEMIA,89,81,8,43
MITOXANTRONE,LYMPHOMA,17,17,0,16
MITOXANTRONE,OVARIAN,3,3,0,3
MITOXANTRONE,PROSTATE,17,17,0,12
MITOXANTRONE,UNCLASSIFIED,6,5,1,5
MOBOCERTINIB,LUNG,1,0,1,1
MODAFINIL,BRAIN / CNS,2,2,0,2
MODAFINIL,BREAST,1,1,0,1
MODAFINIL,LUNG,1,1,0,1
MODAFINIL,MELANOMA,1,1,0,1
MODAFINIL,UNCLASSIFIED,3,3,0,3
MOMETASONE FUROATE,BREAST,1,1,0,1
MORPHINE,BLADDER,1,1,0,1
MORPHINE,BREAST,1,1,0,1
MORPHINE,COLORECTAL,3,3,0,1
MORPHINE,GASTRIC,1,1,0,1
MORPHINE,LEUKEMIA,2,2,0,2
MORPHINE,LUNG,1,0,1,1
MORPHINE,UNCLASSIFIED,24,22,2,21
MOTIXAFORTIDE,MULTIPLE MYELOMA,1,1,0,1
MOXETUMOMAB PASUDOTOX TDFK,LEUKEMIA,1,0,1,1
MOXIFLOXACIN,BREAST,2,2,0,2
MOXIFLOXACIN,LYMPHOMA,2,2,0,2
MOXIFLOXACIN,RENAL,1,1,0,1
MOXIFLOXACIN,UNCLASSIFIED,6,6,0,5
MYCOPHENOLATE MOFETIL,BRAIN / CNS,3,1,2,3
MYCOPHENOLATE MOFETIL,BREAST,1,1,0,1
MYCOPHENOLATE MOFETIL,CERVICAL,1,1,0,1
MYCOPHENOLATE MOFETIL,LEUKEMIA,117,107,10,41
MYCOPHENOLATE MOFETIL,LYMPHOMA,4,3,1,4
MYCOPHENOLATE MOFETIL,MELANOMA,1,1,0,1
MYCOPHENOLATE MOFETIL,MULTIPLE MYELOMA,5,5,0,2
MYCOPHENOLATE MOFETIL,PANCREATIC,1,1,0,1
MYCOPHENOLATE MOFETIL,RENAL,6,6,0,2
MYCOPHENOLATE MOFETIL,UNCLASSIFIED,16,15,1,11
NADOLOL,UNCLASSIFIED,2,2,0,1
NALBUPHINE,LEUKEMIA,1,1,0,1
NALBUPHINE,UNCLASSIFIED,1,1,0,1
NALOXONE,UNCLASSIFIED,1,1,0,1
NANDROLONE DECANOATE,UNCLASSIFIED,1,1,0,1
NAPHAZOLINE,UNCLASSIFIED,1,1,0,1
NAPROXEN,BREAST,1,1,0,1
NAPROXEN,ENDOMETRIAL,1,1,0,1
NAPROXEN,PROSTATE,1,1,0,1
NAPROXEN,UNCLASSIFIED,3,3,0,3
NECITUMUMAB,LUNG,8,7,1,2
NELARABINE,LEUKEMIA,14,12,2,9
NELARABINE,UNCLASSIFIED,1,1,0,1
NELFINAVIR,BRAIN / CNS,2,2,0,2
NELFINAVIR,CERVICAL,3,3,0,3
NELFINAVIR,COLORECTAL,1,1,0,1
NELFINAVIR,LEUKEMIA,1,1,0,1
NELFINAVIR,LUNG,1,1,0,1
NELFINAVIR,MULTIPLE MYELOMA,2,2,0,2
NELFINAVIR,PANCREATIC,3,3,0,2
NELFINAVIR,UNCLASSIFIED,5,5,0,5
NEOMYCIN,COLORECTAL,1,0,1,1
NEOMYCIN,UNCLASSIFIED,1,1,0,1
NERATINIB,BRAIN / CNS,1,0,1,1
NERATINIB,BREAST,20,18,2,7
NERATINIB,GASTRIC,1,0,1,1
NERATINIB,LUNG,1,1,0,1
NERATINIB,OVARIAN,1,0,1,1
NERATINIB,UNCLASSIFIED,6,6,0,1
NERATINIB MALEATE,UNCLASSIFIED,1,1,0,1
NETUPITANT PALONOSETRON,BREAST,1,1,0,1
NETUPITANT PALONOSETRON,UNCLASSIFIED,2,2,0,2
NIACIN,UNCLASSIFIED,1,1,0,1
NICARDIPINE,BRAIN / CNS,1,1,0,1
NICLOSAMIDE,PROSTATE,3,2,1,3
NICLOSAMIDE,UNCLASSIFIED,1,1,0,1
NICOTINE,BREAST,1,1,0,1
NICOTINE,LUNG,3,3,0,3
NICOTINE,UNCLASSIFIED,1,1,0,1
NIFURTIMOX,UNCLASSIFIED,2,2,0,2
NILOTINIB,BRAIN / CNS,1,1,0,1
NILOTINIB,BREAST,2,2,0,2
NILOTINIB,LEUKEMIA,50,43,7,21
NILOTINIB,LYMPHOMA,1,1,0,1
NILOTINIB,MELANOMA,4,4,0,3
NILOTINIB,UNCLASSIFIED,10,10,0,4
NILUTAMIDE,PROSTATE,7,6,1,5
NIMODIPINE,OVARIAN,1,1,0,1
NINTEDANIB,BREAST,2,2,0,2
NINTEDANIB,CERVICAL,1,1,0,1
NINTEDANIB,COLORECTAL,1,1,0,1
NINTEDANIB,ENDOMETRIAL,1,1,0,1
NINTEDANIB,GASTRIC,1,1,0,1
NINTEDANIB,LEUKEMIA,1,0,1,1
NINTEDANIB,LIVER,1,1,0,1
NINTEDANIB,LUNG,8,7,1,7
NINTEDANIB,MELANOMA,1,1,0,1
NINTEDANIB,THYROID,1,1,0,1
NINTEDANIB,UNCLASSIFIED,5,5,0,5
NIROGACESTAT,MULTIPLE MYELOMA,7,1,6,4
NIROGACESTAT,OVARIAN,1,1,0,1
NIROGACESTAT,UNCLASSIFIED,3,1,2,2
NITRIC OXIDE,UNCLASSIFIED,1,1,0,1
NITROFURANTOIN,BLADDER,1,1,0,1
NITROGEN,COLORECTAL,1,1,0,1
NITROGLYCERIN,ESOPHAGEAL,1,1,0,1
NITROGLYCERIN,OVARIAN,1,1,0,1
NITROUS OXIDE,COLORECTAL,1,1,0,1
NITROUS OXIDE,UNCLASSIFIED,1,1,0,1
NIVOLUMAB,BLADDER,19,12,7,14
NIVOLUMAB,BRAIN / CNS,23,16,7,20
NIVOLUMAB,BREAST,19,12,7,17
NIVOLUMAB,CERVICAL,1,1,0,1
NIVOLUMAB,COLORECTAL,29,19,10,25
NIVOLUMAB,ENDOMETRIAL,2,1,1,1
NIVOLUMAB,ESOPHAGEAL,9,3,6,9
NIVOLUMAB,GALLBLADDER,6,5,1,4
NIVOLUMAB,GASTRIC,12,6,6,11
NIVOLUMAB,LARYNX,1,1,0,1
NIVOLUMAB,LEUKEMIA,4,4,0,3
NIVOLUMAB,LIVER,18,16,2,14
NIVOLUMAB,LUNG,62,46,16,42
NIVOLUMAB,LYMPHOMA,23,18,5,18
NIVOLUMAB,MELANOMA,53,33,20,38
NIVOLUMAB,MULTIPLE MYELOMA,4,3,1,3
NIVOLUMAB,OVARIAN,8,3,5,6
NIVOLUMAB,PANCREATIC,15,11,4,9
NIVOLUMAB,PROSTATE,17,7,10,14
NIVOLUMAB,RENAL,26,16,10,20
NIVOLUMAB,THYROID,2,1,1,2
NIVOLUMAB,UNCLASSIFIED,113,77,36,67
NORETHINDRONE,BREAST,1,1,0,1
NORETHINDRONE ETHINYL ESTRADIOL,UNCLASSIFIED,1,1,0,1
NORGESTREL,ENDOMETRIAL,1,1,0,1
NORTRIPTYLINE,UNCLASSIFIED,1,1,0,1
NYSTATIN,LEUKEMIA,1,1,0,1
OBINUTUZUMAB,COLORECTAL,1,1,0,1
OBINUTUZUMAB,LEUKEMIA,37,23,14,16
OBINUTUZUMAB,LUNG,1,1,0,1
OBINUTUZUMAB,LYMPHOMA,53,32,21,25
OBINUTUZUMAB,MELANOMA,1,1,0,1
OBINUTUZUMAB,UNCLASSIFIED,8,6,2,6
OCRELIZUMAB,LYMPHOMA,1,1,0,1
OCTREOTIDE,BREAST,1,1,0,1
OCTREOTIDE,COLORECTAL,5,4,1,5
OCTREOTIDE,GASTRIC,3,3,0,2
OCTREOTIDE,LIVER,2,2,0,2
OCTREOTIDE,LUNG,2,2,0,2
OCTREOTIDE,LYMPHOMA,1,1,0,1
OCTREOTIDE,PANCREATIC,2,2,0,2
OCTREOTIDE,UNCLASSIFIED,13,13,0,9
OFATUMUMAB,LEUKEMIA,22,22,0,15
OFATUMUMAB,LYMPHOMA,14,14,0,11
OFATUMUMAB,UNCLASSIFIED,3,3,0,3
OFLOXACIN,MULTIPLE MYELOMA,1,1,0,1
OLANZAPINE,BREAST,2,2,0,2
OLANZAPINE,UNCLASSIFIED,13,12,1,10
OLAPARIB,BLADDER,5,2,3,4
OLAPARIB,BRAIN / CNS,10,4,6,6
OLAPARIB,BREAST,41,19,22,24
OLAPARIB,COLORECTAL,4,3,1,4
OLAPARIB,ENDOMETRIAL,6,4,2,6
OLAPARIB,GASTRIC,5,4,1,4
OLAPARIB,LEUKEMIA,1,0,1,1
OLAPARIB,LUNG,10,6,4,6
OLAPARIB,LYMPHOMA,1,1,0,1
OLAPARIB,MELANOMA,1,0,1,1
OLAPARIB,OVARIAN,36,19,17,17
OLAPARIB,PANCREATIC,7,3,4,6
OLAPARIB,PROSTATE,19,6,13,13
OLAPARIB,UNCLASSIFIED,39,27,12,25
OLARATUMAB,PANCREATIC,1,1,0,1
OLARATUMAB,UNCLASSIFIED,7,7,0,1
OLICERIDINE,UNCLASSIFIED,1,1,0,1
OLUTASIDENIB,LEUKEMIA,1,0,1,1
OMACETAXINE MEPESUCCINATE,LEUKEMIA,6,6,0,3
OMACETAXINE MEPESUCCINATE,UNCLASSIFIED,2,2,0,2
OMALIZUMAB,COLORECTAL,1,1,0,1
OMAVELOXOLONE,LUNG,1,1,0,1
OMAVELOXOLONE,MELANOMA,1,1,0,1
OMEPRAZOLE,BREAST,4,3,1,4
OMEPRAZOLE,COLORECTAL,2,2,0,2
OMEPRAZOLE,ESOPHAGEAL,4,4,0,4
OMEPRAZOLE,LYMPHOMA,3,3,0,3
OMEPRAZOLE,MELANOMA,1,1,0,1
OMEPRAZOLE,PROSTATE,1,1,0,1
OMEPRAZOLE,THYROID,1,1,0,1
OMEPRAZOLE,UNCLASSIFIED,14,14,0,13
ONDANSETRON,BRAIN / CNS,1,1,0,1
ONDANSETRON,BREAST,3,3,0,3
ONDANSETRON,CERVICAL,2,2,0,2
ONDANSETRON,COLORECTAL,1,1,0,1
ONDANSETRON,LEUKEMIA,3,3,0,2
ONDANSETRON,LUNG,1,1,0,1
ONDANSETRON,LYMPHOMA,2,2,0,2
ONDANSETRON,THYROID,1,1,0,1
ONDANSETRON,UNCLASSIFIED,15,15,0,12
ORLISTAT,UNCLASSIFIED,1,1,0,1
OSELTAMIVIR,UNCLASSIFIED,1,1,0,1
OSILODROSTAT,UNCLASSIFIED,1,1,0,1
OSIMERTINIB,BRAIN / CNS,1,1,0,1
OSIMERTINIB,BREAST,1,0,1,1
OSIMERTINIB,LUNG,75,30,45,47
OSIMERTINIB,LYMPHOMA,1,0,1,1
OSIMERTINIB,UNCLASSIFIED,13,6,7,12
OXALIPLATIN,BLADDER,11,10,1,10
OXALIPLATIN,BRAIN / CNS,2,2,0,2
OXALIPLATIN,BREAST,8,6,2,8
OXALIPLATIN,CERVICAL,2,2,0,2
OXALIPLATIN,COLORECTAL,234,201,33,115
OXALIPLATIN,ENDOMETRIAL,1,1,0,1
OXALIPLATIN,ESOPHAGEAL,19,17,2,18
OXALIPLATIN,GALLBLADDER,3,3,0,3
OXALIPLATIN,GASTRIC,108,86,22,68
OXALIPLATIN,LEUKEMIA,3,3,0,2
OXALIPLATIN,LIVER,19,17,2,13
OXALIPLATIN,LUNG,8,7,1,8
OXALIPLATIN,LYMPHOMA,18,11,7,13
OXALIPLATIN,OVARIAN,5,4,1,4
OXALIPLATIN,PANCREATIC,62,53,9,51
OXALIPLATIN,PROSTATE,2,2,0,2
OXALIPLATIN,RENAL,1,1,0,1
OXALIPLATIN,UNCLASSIFIED,74,64,10,49
OXANDROLONE,UNCLASSIFIED,1,1,0,1
OXYBUTYNIN CHLORIDE,BREAST,1,1,0,1
OXYBUTYNIN CHLORIDE,PROSTATE,1,1,0,1
OXYCODONE,BREAST,1,1,0,1
OXYCODONE,COLORECTAL,1,1,0,1
OXYCODONE,ESOPHAGEAL,1,1,0,1
OXYCODONE,LIVER,2,2,0,2
OXYCODONE,UNCLASSIFIED,15,14,1,11
OXYGEN,UNCLASSIFIED,1,1,0,1
OXYTOCIN,OVARIAN,1,1,0,1
OXYTOCIN,UNCLASSIFIED,2,2,0,2
OZANIMOD,LIVER,1,1,0,1
PACLITAXEL,BLADDER,30,27,3,21
PACLITAXEL,BRAIN / CNS,3,3,0,3
PACLITAXEL,BREAST,373,309,64,159
PACLITAXEL,CERVICAL,23,20,3,16
PACLITAXEL,COLORECTAL,5,3,2,5
PACLITAXEL,ENDOMETRIAL,33,24,9,20
PACLITAXEL,ESOPHAGEAL,51,41,10,37
PACLITAXEL,GASTRIC,49,38,11,36
PACLITAXEL,LARYNX,7,3,4,7
PACLITAXEL,LEUKEMIA,4,4,0,4
PACLITAXEL,LIVER,1,0,1,1
PACLITAXEL,LUNG,285,243,42,120
PACLITAXEL,LYMPHOMA,9,9,0,7
PACLITAXEL,MELANOMA,13,13,0,10
PACLITAXEL,MULTIPLE MYELOMA,2,2,0,1
PACLITAXEL,OVARIAN,178,154,24,94
PACLITAXEL,PANCREATIC,6,6,0,4
PACLITAXEL,PROSTATE,14,14,0,11
PACLITAXEL,RENAL,1,1,0,1
PACLITAXEL,THYROID,4,2,2,4
PACLITAXEL,UNCLASSIFIED,224,194,30,97
PACRITINIB,BREAST,1,0,1,1
PACRITINIB,LEUKEMIA,1,1,0,1
PACRITINIB,UNCLASSIFIED,2,0,2,2
PALBOCICLIB,BRAIN / CNS,4,2,2,4
PALBOCICLIB,BREAST,85,51,34,56
PALBOCICLIB,COLORECTAL,3,3,0,3
PALBOCICLIB,ESOPHAGEAL,1,0,1,1
PALBOCICLIB,LEUKEMIA,4,3,1,4
PALBOCICLIB,LUNG,4,4,0,3
PALBOCICLIB,LYMPHOMA,4,0,4,2
PALBOCICLIB,OVARIAN,2,1,1,2
PALBOCICLIB,PANCREATIC,2,1,1,2
PALBOCICLIB,PROSTATE,1,0,1,1
PALBOCICLIB,RENAL,2,1,1,2
PALBOCICLIB,UNCLASSIFIED,13,7,6,12
PALIFERMIN,COLORECTAL,1,1,0,1
PALIFERMIN,LEUKEMIA,4,4,0,3
PALIFERMIN,LUNG,1,1,0,1
PALIFERMIN,LYMPHOMA,2,2,0,1
PALIFERMIN,MULTIPLE MYELOMA,1,1,0,1
PALIFERMIN,UNCLASSIFIED,5,5,0,3
PALONOSETRON,BREAST,1,1,0,1
PALONOSETRON,COLORECTAL,1,1,0,1
PALONOSETRON,LEUKEMIA,2,2,0,2
PALONOSETRON,LYMPHOMA,2,2,0,2
PALONOSETRON,MELANOMA,1,1,0,1
PALONOSETRON,MULTIPLE MYELOMA,1,1,0,1
PALONOSETRON,UNCLASSIFIED,20,20,0,16
PAMIDRONATE DISODIUM,BREAST,1,1,0,1
PAMIDRONATE DISODIUM,MULTIPLE MYELOMA,3,3,0,2
PANITUMUMAB,BLADDER,1,1,0,1
PANITUMUMAB,BREAST,2,2,0,2
PANITUMUMAB,COLORECTAL,43,37,6,28
PANITUMUMAB,ESOPHAGEAL,3,3,0,3
PANITUMUMAB,GASTRIC,1,1,0,1
PANITUMUMAB,LUNG,2,2,0,2
PANITUMUMAB,OVARIAN,1,1,0,1
PANITUMUMAB,PANCREATIC,1,1,0,1
PANITUMUMAB,UNCLASSIFIED,14,13,1,8
PANOBINOSTAT,BRAIN / CNS,1,1,0,1
PANOBINOSTAT,BREAST,3,3,0,3
PANOBINOSTAT,ESOPHAGEAL,1,1,0,1
PANOBINOSTAT,LEUKEMIA,9,8,1,7
PANOBINOSTAT,LYMPHOMA,10,10,0,7
PANOBINOSTAT,MELANOMA,1,1,0,1
PANOBINOSTAT,MULTIPLE MYELOMA,12,12,0,10
PANOBINOSTAT,PROSTATE,2,2,0,2
PANOBINOSTAT,UNCLASSIFIED,2,2,0,2
PARICALCITOL,BREAST,1,1,0,1
PARICALCITOL,LEUKEMIA,1,1,0,1
PARICALCITOL,PANCREATIC,7,7,0,7
PARICALCITOL,UNCLASSIFIED,1,1,0,1
PAZOPANIB,BLADDER,2,2,0,2
PAZOPANIB,BRAIN / CNS,5,4,1,3
PAZOPANIB,BREAST,7,7,0,5
PAZOPANIB,COLORECTAL,2,2,0,1
PAZOPANIB,ENDOMETRIAL,1,1,0,1
PAZOPANIB,GASTRIC,1,1,0,1
PAZOPANIB,LEUKEMIA,1,1,0,1
PAZOPANIB,LIVER,2,2,0,2
PAZOPANIB,LUNG,8,8,0,6
PAZOPANIB,LYMPHOMA,1,1,0,1
PAZOPANIB,MELANOMA,1,1,0,1
PAZOPANIB,OVARIAN,9,9,0,9
PAZOPANIB,PANCREATIC,1,1,0,1
PAZOPANIB,PROSTATE,4,4,0,3
PAZOPANIB,RENAL,31,28,3,19
PAZOPANIB,THYROID,4,4,0,3
PAZOPANIB,UNCLASSIFIED,46,42,4,30
PEGASPARGASE,BRAIN / CNS,1,1,0,1
PEGASPARGASE,LEUKEMIA,48,36,12,13
PEGASPARGASE,LYMPHOMA,3,3,0,3
PEGFILGRASTIM,BLADDER,3,3,0,3
PEGFILGRASTIM,BREAST,21,20,1,17
PEGFILGRASTIM,COLORECTAL,2,2,0,1
PEGFILGRASTIM,LEUKEMIA,5,5,0,3
PEGFILGRASTIM,LUNG,4,4,0,4
PEGFILGRASTIM,LYMPHOMA,12,12,0,8
PEGFILGRASTIM,MULTIPLE MYELOMA,2,1,1,2
PEGFILGRASTIM,PROSTATE,3,2,1,2
PEGFILGRASTIM,UNCLASSIFIED,15,15,0,11
PEGINESATIDE,RENAL,1,1,0,1
PEGINESATIDE,UNCLASSIFIED,1,1,0,1
PEGINTERFERON ALFA 2A,LEUKEMIA,1,1,0,1
PEGINTERFERON ALFA 2A,LIVER,1,1,0,1
PEGINTERFERON ALFA 2B,MELANOMA,3,2,1,3
PEGLOTICASE,UNCLASSIFIED,1,1,0,1
PEGVISOMANT,UNCLASSIFIED,1,1,0,1
PEMBROLIZUMAB,BLADDER,26,14,12,22
PEMBROLIZUMAB,BRAIN / CNS,12,5,7,9
PEMBROLIZUMAB,BREAST,65,28,37,54
PEMBROLIZUMAB,CERVICAL,3,2,1,3
PEMBROLIZUMAB,COLORECTAL,20,15,5,20
PEMBROLIZUMAB,ENDOMETRIAL,9,5,4,9
PEMBROLIZUMAB,ESOPHAGEAL,8,8,0,8
PEMBROLIZUMAB,GALLBLADDER,2,2,0,2
PEMBROLIZUMAB,GASTRIC,17,12,5,16
PEMBROLIZUMAB,LARYNX,1,0,1,1
PEMBROLIZUMAB,LEUKEMIA,10,9,1,9
PEMBROLIZUMAB,LIVER,10,10,0,8
PEMBROLIZUMAB,LUNG,101,55,46,75
PEMBROLIZUMAB,LYMPHOMA,20,10,10,15
PEMBROLIZUMAB,MELANOMA,44,25,19,36
PEMBROLIZUMAB,MULTIPLE MYELOMA,2,2,0,2
PEMBROLIZUMAB,OVARIAN,20,12,8,18
PEMBROLIZUMAB,PANCREATIC,15,12,3,11
PEMBROLIZUMAB,PROSTATE,8,4,4,8
PEMBROLIZUMAB,RENAL,9,6,3,9
PEMBROLIZUMAB,THYROID,3,2,1,3
PEMBROLIZUMAB,UNCLASSIFIED,160,85,75,116
PEMETREXED,BLADDER,3,1,2,2
PEMETREXED,BRAIN / CNS,2,2,0,2
PEMETREXED,BREAST,15,15,0,4
PEMETREXED,CERVICAL,3,2,1,3
PEMETREXED,COLORECTAL,5,5,0,4
PEMETREXED,ENDOMETRIAL,2,2,0,1
PEMETREXED,ESOPHAGEAL,1,1,0,1
PEMETREXED,GASTRIC,2,2,0,1
PEMETREXED,LIVER,1,1,0,1
PEMETREXED,LUNG,246,183,63,90
PEMETREXED,MELANOMA,1,0,1,1
PEMETREXED,OVARIAN,5,4,1,4
PEMETREXED,PANCREATIC,1,1,0,1
PEMETREXED,PROSTATE,1,1,0,1
PEMETREXED,UNCLASSIFIED,78,65,13,38
PEMETREXED DISODIUM,BLADDER,1,1,0,1
PEMETREXED DISODIUM,BREAST,2,2,0,2
PEMETREXED DISODIUM,CERVICAL,2,2,0,1
PEMETREXED DISODIUM,ENDOMETRIAL,1,1,0,1
PEMETREXED DISODIUM,GASTRIC,1,1,0,1
PEMETREXED DISODIUM,LIVER,1,1,0,1
PEMETREXED DISODIUM,LUNG,30,25,5,17
PEMETREXED DISODIUM,LYMPHOMA,1,1,0,1
PEMETREXED DISODIUM,OVARIAN,3,3,0,3
PEMETREXED DISODIUM,PROSTATE,1,1,0,1
PEMETREXED DISODIUM,UNCLASSIFIED,18,14,4,14
PEMIGATINIB,BLADDER,2,2,0,2
PEMIGATINIB,ENDOMETRIAL,1,1,0,1
PEMIGATINIB,LUNG,1,1,0,1
PEMIGATINIB,LYMPHOMA,1,0,1,1
PEMIGATINIB,UNCLASSIFIED,6,6,0,3
PENICILLAMINE,BRAIN / CNS,1,1,0,1
PENTOSTATIN,LEUKEMIA,19,18,1,13
PENTOSTATIN,LUNG,1,1,0,1
PENTOSTATIN,RENAL,2,2,0,2
PENTOSTATIN,UNCLASSIFIED,3,3,0,3
PENTOXIFYLLINE,BRAIN / CNS,1,1,0,1
PENTOXIFYLLINE,BREAST,3,3,0,3
PENTOXIFYLLINE,COLORECTAL,1,1,0,1
PENTOXIFYLLINE,PROSTATE,1,1,0,1
PENTOXIFYLLINE,UNCLASSIFIED,5,5,0,5
PERAMPANEL,BRAIN / CNS,2,2,0,2
PERFLUTREN,COLORECTAL,1,1,0,1
PERTUZUMAB,BLADDER,1,1,0,1
PERTUZUMAB,BREAST,90,58,32,47
PERTUZUMAB,COLORECTAL,1,1,0,1
PERTUZUMAB,GASTRIC,3,3,0,2
PERTUZUMAB,LUNG,3,3,0,2
PERTUZUMAB,OVARIAN,3,3,0,2
PERTUZUMAB,UNCLASSIFIED,7,4,3,5
PEXIDARTINIB,COLORECTAL,1,1,0,1
PEXIDARTINIB,UNCLASSIFIED,9,8,1,4
PHENELZINE,BREAST,1,1,0,1
PHENELZINE,PROSTATE,1,1,0,1
PHENOXYBENZAMINE,BRAIN / CNS,1,1,0,1
PHENOXYBENZAMINE,UNCLASSIFIED,1,1,0,1
PHENPROCOUMON,MELANOMA,1,1,0,1
PHENTOLAMINE,PROSTATE,1,1,0,1
PHENYLEPHRINE,BRAIN / CNS,1,1,0,1
PHENYLEPHRINE,OVARIAN,1,1,0,1
PHENYLEPHRINE,UNCLASSIFIED,1,1,0,1
PHENYTOIN,LEUKEMIA,1,1,0,1
PIFLUFOLASTAT F 18,PROSTATE,1,0,1,1
PIFLUFOLASTAT F 18,UNCLASSIFIED,1,0,1,1
PILOCARPINE,BREAST,1,1,0,1
PILOCARPINE,UNCLASSIFIED,2,2,0,1
PIOGLITAZONE,BRAIN / CNS,1,1,0,1
PIOGLITAZONE,LEUKEMIA,2,2,0,2
PIOGLITAZONE,LUNG,1,0,1,1
PIOGLITAZONE,OVARIAN,3,3,0,3
PIOGLITAZONE,PANCREATIC,1,1,0,1
PIOGLITAZONE,PROSTATE,2,2,0,2
PIOGLITAZONE,THYROID,1,1,0,1
PIOGLITAZONE,UNCLASSIFIED,5,4,1,5
PIPERACILLIN TAZOBACTAM,LEUKEMIA,1,1,0,1
PIPERACILLIN TAZOBACTAM,PANCREATIC,1,1,0,1
PIPERACILLIN TAZOBACTAM,UNCLASSIFIED,2,2,0,1
PIRFENIDONE,ENDOMETRIAL,1,1,0,1
PIRFENIDONE,LUNG,1,1,0,1
PIRFENIDONE,UNCLASSIFIED,4,4,0,2
PIRTOBRUTINIB,LEUKEMIA,8,2,6,4
PIRTOBRUTINIB,LYMPHOMA,2,0,2,2
PIRTOBRUTINIB,UNCLASSIFIED,1,0,1,1
PLECANATIDE,ESOPHAGEAL,1,1,0,1
PLERIXAFOR,BRAIN / CNS,3,3,0,3
PLERIXAFOR,COLORECTAL,1,1,0,1
PLERIXAFOR,LEUKEMIA,13,12,1,10
PLERIXAFOR,LYMPHOMA,9,7,2,9
PLERIXAFOR,MULTIPLE MYELOMA,8,8,0,8
PLERIXAFOR,PANCREATIC,1,1,0,1
PLERIXAFOR,UNCLASSIFIED,1,1,0,1
POLIDOCANOL,UNCLASSIFIED,1,1,0,1
POMALIDOMIDE,BRAIN / CNS,3,3,0,3
POMALIDOMIDE,LEUKEMIA,3,2,1,2
POMALIDOMIDE,LYMPHOMA,1,1,0,1
POMALIDOMIDE,MULTIPLE MYELOMA,82,49,33,42
POMALIDOMIDE,PANCREATIC,1,1,0,1
POMALIDOMIDE,UNCLASSIFIED,9,6,3,7
PONATINIB,BRAIN / CNS,1,1,0,1
PONATINIB,GALLBLADDER,1,1,0,1
PONATINIB,LEUKEMIA,13,7,6,9
PONATINIB,LUNG,3,3,0,3
PONATINIB,UNCLASSIFIED,2,2,0,2
POSACONAZOLE,LEUKEMIA,5,5,0,4
POSACONAZOLE,UNCLASSIFIED,4,4,0,4
POTASSIUM IODIDE,UNCLASSIFIED,2,2,0,2
POVIDONE IODINE,BREAST,1,1,0,1
POVIDONE IODINE,ESOPHAGEAL,1,1,0,1
POVIDONE IODINE,PROSTATE,1,1,0,1
PRALATREXATE,BLADDER,1,1,0,1
PRALATREXATE,BREAST,1,1,0,1
PRALATREXATE,ESOPHAGEAL,1,1,0,1
PRALATREXATE,GASTRIC,1,1,0,1
PRALATREXATE,LEUKEMIA,1,1,0,1
PRALATREXATE,LUNG,2,2,0,2
PRALATREXATE,LYMPHOMA,13,12,1,8
PRALATREXATE,MULTIPLE MYELOMA,1,1,0,1
PRALATREXATE,OVARIAN,1,1,0,1
PRALATREXATE,UNCLASSIFIED,4,3,1,4
PRALSETINIB,UNCLASSIFIED,2,1,1,2
PRASTERONE,BREAST,1,1,0,1
PRASTERONE,MULTIPLE MYELOMA,1,1,0,1
PREDNISOLONE,BREAST,1,1,0,1
PREDNISOLONE,LEUKEMIA,16,12,4,11
PREDNISOLONE,LYMPHOMA,23,19,4,19
PREDNISOLONE,MULTIPLE MYELOMA,2,2,0,2
PREDNISOLONE,PROSTATE,13,11,2,8
PREDNISOLONE,UNCLASSIFIED,8,6,2,8
PREDNISONE,BRAIN / CNS,3,2,1,3
PREDNISONE,BREAST,3,3,0,3
PREDNISONE,LEUKEMIA,78,65,13,32
PREDNISONE,LUNG,2,2,0,2
PREDNISONE,LYMPHOMA,182,144,38,71
PREDNISONE,MELANOMA,2,0,2,2
PREDNISONE,MULTIPLE MYELOMA,32,30,2,18
PREDNISONE,PROSTATE,134,112,22,73
PREDNISONE,RENAL,1,1,0,1
PREDNISONE,UNCLASSIFIED,42,37,5,26
PREGABALIN,BRAIN / CNS,1,1,0,1
PREGABALIN,BREAST,3,3,0,3
PREGABALIN,LIVER,2,2,0,2
PREGABALIN,UNCLASSIFIED,4,3,1,4
PRILOCAINE,PROSTATE,1,0,1,1
PROBENECID,UNCLASSIFIED,2,2,0,2
PROCARBAZINE,BRAIN / CNS,14,13,1,12
PROCARBAZINE,LYMPHOMA,22,20,2,17
PROCHLORPERAZINE,BREAST,1,1,0,1
PROCHLORPERAZINE,CERVICAL,1,1,0,1
PROCHLORPERAZINE,UNCLASSIFIED,2,2,0,2
PROGESTERONE,CERVICAL,1,1,0,1
PROGESTERONE,ENDOMETRIAL,1,1,0,1
PROGESTERONE,OVARIAN,2,2,0,2
PROPOFOL,BLADDER,1,1,0,1
PROPOFOL,BRAIN / CNS,1,1,0,1
PROPOFOL,BREAST,7,7,0,7
PROPOFOL,COLORECTAL,3,3,0,3
PROPOFOL,ENDOMETRIAL,1,1,0,1
PROPOFOL,ESOPHAGEAL,1,1,0,1
PROPOFOL,GASTRIC,1,1,0,1
PROPOFOL,LIVER,1,1,0,1
PROPOFOL,LUNG,2,2,0,2
PROPOFOL,PROSTATE,2,2,0,1
PROPOFOL,UNCLASSIFIED,25,23,2,19
PROPRANOLOL,BLADDER,1,0,1,1
PROPRANOLOL,BREAST,2,2,0,2
PROPRANOLOL,LUNG,1,0,1,1
PROPRANOLOL,MULTIPLE MYELOMA,2,2,0,2
PROPRANOLOL,OVARIAN,2,2,0,2
PROPRANOLOL,PROSTATE,1,1,0,1
PROPRANOLOL,UNCLASSIFIED,9,9,0,8
PRUCALOPRIDE,COLORECTAL,1,1,0,1
PYRIDOSTIGMINE BROMIDE,UNCLASSIFIED,1,1,0,1
PYRIDOXINE,LYMPHOMA,1,1,0,1
PYRIDOXINE,UNCLASSIFIED,1,1,0,1
PYRIMETHAMINE,LEUKEMIA,1,1,0,1
PYRIMETHAMINE,UNCLASSIFIED,1,1,0,1
PYRVINIUM PAMOATE,PANCREATIC,1,0,1,1
RADIUM RA 223 DICHLORIDE,PROSTATE,2,2,0,1
RALOXIFENE,BREAST,6,6,0,6
RALOXIFENE,ENDOMETRIAL,1,1,0,1
RALOXIFENE,OVARIAN,1,1,0,1
RALOXIFENE,PROSTATE,1,1,0,1
RALOXIFENE,UNCLASSIFIED,1,1,0,1
RAMIPRIL,BRAIN / CNS,1,1,0,1
RAMUCIRUMAB,BLADDER,1,1,0,1
RAMUCIRUMAB,BREAST,1,1,0,1
RAMUCIRUMAB,COLORECTAL,4,3,1,4
RAMUCIRUMAB,ESOPHAGEAL,1,1,0,1
RAMUCIRUMAB,GALLBLADDER,1,0,1,1
RAMUCIRUMAB,GASTRIC,14,9,5,9
RAMUCIRUMAB,LIVER,2,2,0,1
RAMUCIRUMAB,LUNG,14,9,5,8
RAMUCIRUMAB,PANCREATIC,1,1,0,1
RAMUCIRUMAB,UNCLASSIFIED,9,7,2,6
RANIBIZUMAB,MELANOMA,3,3,0,3
RANIBIZUMAB,UNCLASSIFIED,3,3,0,3
RANITIDINE,BREAST,2,2,0,2
RANITIDINE,LEUKEMIA,1,1,0,1
RANITIDINE,PROSTATE,1,1,0,1
RANITIDINE,RENAL,1,1,0,1
RANITIDINE,THYROID,1,1,0,1
RANITIDINE,UNCLASSIFIED,1,1,0,1
RANOLAZINE,PROSTATE,1,1,0,1
RASBURICASE,LEUKEMIA,5,5,0,4
RASBURICASE,UNCLASSIFIED,3,3,0,2
REGORAFENIB,BLADDER,1,1,0,1
REGORAFENIB,BRAIN / CNS,3,3,0,2
REGORAFENIB,BREAST,1,0,1,1
REGORAFENIB,COLORECTAL,39,31,8,33
REGORAFENIB,ESOPHAGEAL,1,1,0,1
REGORAFENIB,GALLBLADDER,2,1,1,2
REGORAFENIB,GASTRIC,4,3,1,3
REGORAFENIB,LEUKEMIA,1,1,0,1
REGORAFENIB,LIVER,2,1,1,2
REGORAFENIB,LUNG,2,2,0,2
REGORAFENIB,OVARIAN,2,2,0,2
REGORAFENIB,PANCREATIC,3,3,0,3
REGORAFENIB,THYROID,1,1,0,1
REGORAFENIB,UNCLASSIFIED,26,22,4,22
RELACORILANT,OVARIAN,1,1,0,1
RELACORILANT,PROSTATE,1,1,0,1
RELACORILANT,UNCLASSIFIED,5,4,1,1
RELUGOLIX,ENDOMETRIAL,6,6,0,2
RELUGOLIX,PROSTATE,10,5,5,7
RELUGOLIX,UNCLASSIFIED,1,1,0,1
REMIFENTANIL,BRAIN / CNS,2,2,0,2
REMIFENTANIL,ESOPHAGEAL,1,1,0,1
REMIFENTANIL,GASTRIC,1,1,0,1
REMIFENTANIL,LIVER,1,1,0,1
REMIFENTANIL,OVARIAN,1,1,0,1
REMIFENTANIL,THYROID,1,1,0,1
REMIFENTANIL,UNCLASSIFIED,4,4,0,4
REMIMAZOLAM,ESOPHAGEAL,1,1,0,1
REMIMAZOLAM,PROSTATE,1,1,0,1
REMIMAZOLAM,UNCLASSIFIED,2,1,1,2
REPAGLINIDE,LYMPHOMA,1,1,0,1
REPAGLINIDE,UNCLASSIFIED,3,3,0,3
REPOTRECTINIB,LUNG,1,0,1,1
REPOTRECTINIB,UNCLASSIFIED,1,1,0,1
REVUMENIB,LEUKEMIA,3,2,1,2
RIBAVIRIN,LEUKEMIA,4,4,0,3
RIBAVIRIN,LIVER,3,3,0,3
RIBAVIRIN,UNCLASSIFIED,5,5,0,4
RIBOCICLIB,BRAIN / CNS,5,4,1,5
RIBOCICLIB,BREAST,36,19,17,22
RIBOCICLIB,ENDOMETRIAL,1,0,1,1
RIBOCICLIB,LEUKEMIA,1,0,1,1
RIBOCICLIB,LUNG,4,2,2,2
RIBOCICLIB,MELANOMA,1,0,1,1
RIBOCICLIB,OVARIAN,2,2,0,2
RIBOCICLIB,PROSTATE,1,1,0,1
RIBOCICLIB,UNCLASSIFIED,5,2,3,5
RIFAMPIN,LEUKEMIA,1,1,0,1
RIFAMPIN,LUNG,1,1,0,1
RIFAMPIN,LYMPHOMA,7,7,0,5
RIFAMPIN,MELANOMA,2,2,0,2
RIFAMPIN,UNCLASSIFIED,8,8,0,8
RIFAXIMIN,COLORECTAL,1,1,0,1
RIFAXIMIN,UNCLASSIFIED,2,2,0,1
RILUZOLE,COLORECTAL,1,1,0,1
RILUZOLE,MELANOMA,2,1,1,2
RILUZOLE,UNCLASSIFIED,1,1,0,1
RIPRETINIB,UNCLASSIFIED,4,2,2,2
RITONAVIR,BRAIN / CNS,1,1,0,1
RITONAVIR,BREAST,2,2,0,2
RITONAVIR,LEUKEMIA,1,1,0,1
RITONAVIR,UNCLASSIFIED,3,3,0,3
RITUXIMAB,BRAIN / CNS,3,3,0,3
RITUXIMAB,BREAST,1,1,0,1
RITUXIMAB,LEUKEMIA,115,100,15,48
RITUXIMAB,LUNG,1,1,0,1
RITUXIMAB,LYMPHOMA,292,231,61,134
RITUXIMAB,MULTIPLE MYELOMA,1,1,0,1
RITUXIMAB,PROSTATE,1,1,0,1
RITUXIMAB,RENAL,1,1,0,1
RITUXIMAB,UNCLASSIFIED,39,30,9,33
RIVAROXABAN,UNCLASSIFIED,9,9,0,9
ROCURONIUM BROMIDE,BLADDER,1,1,0,1
ROFECOXIB,COLORECTAL,1,1,0,1
ROFECOXIB,ESOPHAGEAL,1,1,0,1
ROFECOXIB,LUNG,1,1,0,1
ROFECOXIB,PROSTATE,1,1,0,1
ROFLUMILAST,LYMPHOMA,1,1,0,1
ROFLUMILAST,UNCLASSIFIED,1,1,0,1
ROLAPITANT,UNCLASSIFIED,1,1,0,1
ROMIDEPSIN,BRAIN / CNS,1,1,0,1
ROMIDEPSIN,BREAST,3,2,1,2
ROMIDEPSIN,COLORECTAL,2,2,0,2
ROMIDEPSIN,LARYNX,1,1,0,1
ROMIDEPSIN,LEUKEMIA,6,6,0,4
ROMIDEPSIN,LUNG,1,1,0,1
ROMIDEPSIN,LYMPHOMA,26,25,1,14
ROMIDEPSIN,MULTIPLE MYELOMA,1,1,0,1
ROMIDEPSIN,PANCREATIC,2,2,0,2
ROMIDEPSIN,PROSTATE,1,1,0,1
ROMIDEPSIN,THYROID,1,1,0,1
ROMIDEPSIN,UNCLASSIFIED,1,1,0,1
ROMIPLOSTIM,LYMPHOMA,2,2,0,2
ROMIPLOSTIM,UNCLASSIFIED,2,1,1,2
ROPINIROLE,UNCLASSIFIED,2,2,0,2
ROPIVACAINE,BREAST,8,8,0,7
ROPIVACAINE,ESOPHAGEAL,1,1,0,1
ROPIVACAINE,GASTRIC,1,1,0,1
ROPIVACAINE,LUNG,2,2,0,2
ROPIVACAINE,OVARIAN,1,0,1,1
ROPIVACAINE,UNCLASSIFIED,11,11,0,11
ROSIGLITAZONE,OVARIAN,2,2,0,2
ROSIGLITAZONE,PROSTATE,1,1,0,1
ROSIGLITAZONE,RENAL,1,1,0,1
ROSIGLITAZONE,UNCLASSIFIED,3,3,0,3
ROSIGLITAZONE MALEATE,UNCLASSIFIED,2,2,0,2
RUCAPARIB CAMSYLATE,OVARIAN,1,1,0,1
RUCAPARIB CAMSYLATE,PROSTATE,1,0,1,1
RUCAPARIB CAMSYLATE,UNCLASSIFIED,1,1,0,1
RUXOLITINIB,BRAIN / CNS,1,1,0,1
RUXOLITINIB,BREAST,6,5,1,5
RUXOLITINIB,ENDOMETRIAL,1,0,1,1
RUXOLITINIB,LEUKEMIA,24,15,9,16
RUXOLITINIB,LUNG,1,1,0,1
RUXOLITINIB,LYMPHOMA,4,4,0,4
RUXOLITINIB,MELANOMA,1,0,1,1
RUXOLITINIB,MULTIPLE MYELOMA,2,2,0,2
RUXOLITINIB,OVARIAN,1,1,0,1
RUXOLITINIB,PANCREATIC,2,2,0,2
RUXOLITINIB,UNCLASSIFIED,33,21,12,17
SACITUZUMAB GOVITECAN HZIY,BLADDER,1,1,0,1
SACITUZUMAB GOVITECAN HZIY,BREAST,7,1,6,1
SACITUZUMAB GOVITECAN HZIY,ENDOMETRIAL,1,0,1,1
SACITUZUMAB GOVITECAN HZIY,UNCLASSIFIED,3,1,2,2
SACUBITRIL VALSARTAN,BREAST,1,1,0,1
SAFINAMIDE,UNCLASSIFIED,1,1,0,1
SAQUINAVIR,UNCLASSIFIED,1,1,0,1
SARGRAMOSTIM,BRAIN / CNS,1,1,0,1
SARGRAMOSTIM,BREAST,1,1,0,1
SARGRAMOSTIM,GALLBLADDER,1,1,0,1
SARGRAMOSTIM,LEUKEMIA,4,4,0,4
SARGRAMOSTIM,LYMPHOMA,4,4,0,2
SARGRAMOSTIM,MELANOMA,2,2,0,2
SARGRAMOSTIM,MULTIPLE MYELOMA,1,1,0,1
SARGRAMOSTIM,UNCLASSIFIED,6,6,0,5
SARILUMAB,UNCLASSIFIED,1,1,0,1
SAXAGLIPTIN,OVARIAN,1,1,0,1
SECUKINUMAB,UNCLASSIFIED,1,1,0,1
SELINEXOR,BRAIN / CNS,2,1,1,2
SELINEXOR,BREAST,1,1,0,1
SELINEXOR,ENDOMETRIAL,3,2,1,2
SELINEXOR,LEUKEMIA,16,13,3,14
SELINEXOR,LUNG,1,1,0,1
SELINEXOR,LYMPHOMA,7,4,3,7
SELINEXOR,MELANOMA,1,1,0,1
SELINEXOR,MULTIPLE MYELOMA,14,7,7,12
SELINEXOR,OVARIAN,2,2,0,2
SELINEXOR,PANCREATIC,1,1,0,1
SELINEXOR,UNCLASSIFIED,7,6,1,4
SELPERCATINIB,BRAIN / CNS,2,0,2,1
SELPERCATINIB,LUNG,4,0,4,3
SELPERCATINIB,THYROID,4,0,4,3
SELUMETINIB,BLADDER,3,1,2,3
SELUMETINIB,BRAIN / CNS,6,3,3,2
SELUMETINIB,BREAST,4,2,2,4
SELUMETINIB,COLORECTAL,2,2,0,1
SELUMETINIB,ENDOMETRIAL,1,1,0,1
SELUMETINIB,LEUKEMIA,1,1,0,1
SELUMETINIB,LIVER,2,2,0,1
SELUMETINIB,LUNG,11,8,3,8
SELUMETINIB,MELANOMA,5,4,1,3
SELUMETINIB,MULTIPLE MYELOMA,1,1,0,1
SELUMETINIB,OVARIAN,2,1,1,1
SELUMETINIB,PANCREATIC,3,3,0,1
SELUMETINIB,THYROID,2,2,0,2
SELUMETINIB,UNCLASSIFIED,19,15,4,4
SERTRALINE,BRAIN / CNS,1,1,0,1
SERTRALINE,LEUKEMIA,1,1,0,1
SEVOFLURANE,BLADDER,2,2,0,1
SEVOFLURANE,BREAST,6,6,0,6
SEVOFLURANE,ENDOMETRIAL,1,1,0,1
SEVOFLURANE,UNCLASSIFIED,14,12,2,12
SIBUTRAMINE,OVARIAN,1,1,0,1
SILDENAFIL,BRAIN / CNS,1,1,0,1
SILDENAFIL,BREAST,1,1,0,1
SILDENAFIL,LUNG,1,1,0,1
SILDENAFIL,PROSTATE,3,3,0,3
SILDENAFIL,RENAL,1,1,0,1
SILDENAFIL,UNCLASSIFIED,2,2,0,2
SILTUXIMAB,LEUKEMIA,1,1,0,1
SILTUXIMAB,MULTIPLE MYELOMA,3,2,1,3
SILTUXIMAB,UNCLASSIFIED,1,1,0,1
SIMVASTATIN,BREAST,6,5,1,5
SIMVASTATIN,COLORECTAL,2,2,0,1
SIMVASTATIN,ENDOMETRIAL,1,0,1,1
SIMVASTATIN,GASTRIC,1,1,0,1
SIMVASTATIN,LEUKEMIA,1,1,0,1
SIMVASTATIN,LIVER,1,0,1,1
SIMVASTATIN,LUNG,4,4,0,2
SIMVASTATIN,LYMPHOMA,1,0,1,1
SIMVASTATIN,MULTIPLE MYELOMA,1,1,0,1
SIMVASTATIN,OVARIAN,3,3,0,3
SIMVASTATIN,PANCREATIC,1,0,1,1
SIMVASTATIN,PROSTATE,1,1,0,1
SIMVASTATIN,RENAL,1,1,0,1
SIMVASTATIN,UNCLASSIFIED,6,5,1,6
SINECATECHINS,PROSTATE,1,0,1,1
SINECATECHINS,UNCLASSIFIED,1,1,0,1
SIROLIMUS,BLADDER,2,2,0,2
SIROLIMUS,BRAIN / CNS,1,1,0,1
SIROLIMUS,BREAST,2,2,0,2
SIROLIMUS,LEUKEMIA,35,29,6,17
SIROLIMUS,LIVER,3,3,0,3
SIROLIMUS,LUNG,1,1,0,1
SIROLIMUS,LYMPHOMA,1,1,0,1
SIROLIMUS,MELANOMA,1,1,0,1
SIROLIMUS,MULTIPLE MYELOMA,3,2,1,3
SIROLIMUS,OVARIAN,1,1,0,1
SIROLIMUS,PANCREATIC,2,2,0,2
SIROLIMUS,RENAL,6,6,0,6
SIROLIMUS,UNCLASSIFIED,39,33,6,26
SITAGLIPTIN,LEUKEMIA,2,2,0,2
SITAGLIPTIN,OVARIAN,1,1,0,1
SITAGLIPTIN,UNCLASSIFIED,1,1,0,1
SODIUM BICARBONATE,RENAL,1,1,0,1
SODIUM BICARBONATE,UNCLASSIFIED,2,2,0,2
SODIUM CHLORIDE,BRAIN / CNS,1,1,0,1
SODIUM CHLORIDE,BREAST,2,2,0,2
SODIUM CHLORIDE,LEUKEMIA,1,1,0,1
SODIUM CHLORIDE,LIVER,1,1,0,1
SODIUM CHLORIDE,PROSTATE,1,1,0,1
SODIUM CHLORIDE,UNCLASSIFIED,2,2,0,2
SODIUM FLUORIDE F 18,UNCLASSIFIED,1,1,0,1
SODIUM LACTATE,BRAIN / CNS,1,1,0,1
SODIUM PHENYLBUTYRATE,LEUKEMIA,3,3,0,2
SODIUM PHENYLBUTYRATE,LUNG,1,1,0,1
SODIUM PHENYLBUTYRATE,LYMPHOMA,2,2,0,2
SODIUM THIOSULFATE,BRAIN / CNS,1,1,0,1
SODIUM THIOSULFATE,ESOPHAGEAL,1,1,0,1
SODIUM THIOSULFATE,GASTRIC,1,1,0,1
SODIUM THIOSULFATE,LARYNX,1,1,0,1
SODIUM THIOSULFATE,LIVER,2,2,0,2
SODIUM THIOSULFATE,UNCLASSIFIED,6,5,1,5
SOFOSBUVIR,LIVER,2,2,0,2
SOMATROPIN,UNCLASSIFIED,1,1,0,1
SONIDEGIB,BRAIN / CNS,1,1,0,1
SONIDEGIB,LEUKEMIA,1,1,0,1
SONIDEGIB,LUNG,1,0,1,1
SONIDEGIB,MULTIPLE MYELOMA,1,1,0,1
SONIDEGIB,UNCLASSIFIED,2,2,0,2
SONROTOCLAX,LEUKEMIA,2,0,2,2
SONROTOCLAX,UNCLASSIFIED,3,0,3,1
SOTORASIB,COLORECTAL,1,1,0,1
SOTORASIB,LUNG,6,3,3,6
SOTORASIB,UNCLASSIFIED,6,4,2,4
SPIRONOLACTONE,OVARIAN,1,1,0,1
SPIRONOLACTONE,UNCLASSIFIED,1,1,0,1
STREPTOZOCIN,BRAIN / CNS,1,1,0,1
STREPTOZOCIN,COLORECTAL,1,1,0,1
STREPTOZOCIN,PANCREATIC,1,0,1,1
STREPTOZOCIN,UNCLASSIFIED,1,1,0,1
SUCRALFATE,UNCLASSIFIED,1,0,1,1
SUFENTANIL,ESOPHAGEAL,1,1,0,1
SUFENTANIL,LIVER,1,1,0,1
SUFENTANIL,UNCLASSIFIED,3,3,0,3
SULFASALAZINE,BRAIN / CNS,2,2,0,2
SULFASALAZINE,BREAST,1,1,0,1
SULFASALAZINE,UNCLASSIFIED,2,2,0,2
SULINDAC,BREAST,2,2,0,2
SULINDAC,COLORECTAL,1,1,0,1
SULINDAC,LUNG,1,1,0,1
SULINDAC,MELANOMA,1,1,0,1
SULINDAC,PANCREATIC,1,0,1,1
SULINDAC,UNCLASSIFIED,8,8,0,7
SUNITINIB,BLADDER,2,2,0,2
SUNITINIB,BRAIN / CNS,5,5,0,4
SUNITINIB,BREAST,6,6,0,2
SUNITINIB,COLORECTAL,2,2,0,1
SUNITINIB,GASTRIC,3,3,0,2
SUNITINIB,LEUKEMIA,1,1,0,1
SUNITINIB,LUNG,13,13,0,8
SUNITINIB,LYMPHOMA,1,0,1,1
SUNITINIB,MELANOMA,3,2,1,3
SUNITINIB,OVARIAN,3,3,0,3
SUNITINIB,PANCREATIC,5,5,0,4
SUNITINIB,PROSTATE,3,3,0,3
SUNITINIB,RENAL,42,37,5,30
SUNITINIB,THYROID,2,2,0,2
SUNITINIB,UNCLASSIFIED,38,32,6,31
SUNITINIB MALATE,BLADDER,4,4,0,4
SUNITINIB MALATE,BRAIN / CNS,4,4,0,2
SUNITINIB MALATE,BREAST,4,3,1,4
SUNITINIB MALATE,CERVICAL,1,1,0,1
SUNITINIB MALATE,ENDOMETRIAL,1,1,0,1
SUNITINIB MALATE,ESOPHAGEAL,3,3,0,3
SUNITINIB MALATE,GASTRIC,3,3,0,2
SUNITINIB MALATE,LARYNX,1,1,0,1
SUNITINIB MALATE,LEUKEMIA,3,3,0,2
SUNITINIB MALATE,LIVER,2,2,0,2
SUNITINIB MALATE,LUNG,3,3,0,1
SUNITINIB MALATE,LYMPHOMA,1,1,0,1
SUNITINIB MALATE,MELANOMA,2,1,1,2
SUNITINIB MALATE,MULTIPLE MYELOMA,1,1,0,1
SUNITINIB MALATE,OVARIAN,4,4,0,2
SUNITINIB MALATE,PANCREATIC,2,2,0,1
SUNITINIB MALATE,PROSTATE,3,2,1,2
SUNITINIB MALATE,RENAL,24,23,1,13
SUNITINIB MALATE,THYROID,2,2,0,2
SUNITINIB MALATE,UNCLASSIFIED,7,6,1,5
SUNVOZERTINIB,LUNG,4,0,4,2
TACROLIMUS,BRAIN / CNS,1,1,0,1
TACROLIMUS,BREAST,1,1,0,1
TACROLIMUS,LEUKEMIA,111,97,14,40
TACROLIMUS,LYMPHOMA,7,6,1,5
TACROLIMUS,MELANOMA,1,0,1,1
TACROLIMUS,MULTIPLE MYELOMA,4,3,1,4
TACROLIMUS,PROSTATE,1,1,0,1
TACROLIMUS,RENAL,5,5,0,5
TACROLIMUS,UNCLASSIFIED,29,28,1,19
TADALAFIL,ESOPHAGEAL,1,1,0,1
TADALAFIL,GASTRIC,1,0,1,1
TADALAFIL,PANCREATIC,1,1,0,1
TADALAFIL,PROSTATE,3,3,0,3
TADALAFIL,UNCLASSIFIED,6,6,0,5
TALC,UNCLASSIFIED,2,2,0,2
TAMOXIFEN,BLADDER,2,2,0,2
TAMOXIFEN,BRAIN / CNS,3,3,0,3
TAMOXIFEN,BREAST,142,123,19,83
TAMOXIFEN,ENDOMETRIAL,3,3,0,3
TAMOXIFEN,LIVER,2,2,0,2
TAMOXIFEN,OVARIAN,7,6,1,6
TAMOXIFEN,PROSTATE,2,2,0,1
TAMOXIFEN,UNCLASSIFIED,11,9,2,9
TAMSULOSIN,COLORECTAL,1,1,0,1
TAMSULOSIN,PROSTATE,1,0,1,1
TAPENTADOL,BREAST,1,1,0,1
TAZAROTENE,UNCLASSIFIED,3,3,0,2
TAZEMETOSTAT,BLADDER,1,0,1,1
TAZEMETOSTAT,BRAIN / CNS,2,1,1,1
TAZEMETOSTAT,COLORECTAL,1,1,0,1
TAZEMETOSTAT,LUNG,1,0,1,1
TAZEMETOSTAT,LYMPHOMA,13,8,5,8
TAZEMETOSTAT,MELANOMA,1,0,1,1
TAZEMETOSTAT,OVARIAN,3,2,1,2
TAZEMETOSTAT,PROSTATE,1,0,1,1
TAZEMETOSTAT,RENAL,1,0,1,1
TAZEMETOSTAT,UNCLASSIFIED,2,1,1,2
TBO FILGRASTIM,LYMPHOMA,1,1,0,1
TBO FILGRASTIM,UNCLASSIFIED,1,1,0,1
TECHNETIUM TC 99M MEDRONATE,PROSTATE,1,0,1,1
TECHNETIUM TC 99M SODIUM PERTECHNETATE,ENDOMETRIAL,1,0,1,1
TECHNETIUM TC 99M SULFUR COLLOID,BREAST,2,2,0,2
TECHNETIUM TC 99M SULFUR COLLOID,UNCLASSIFIED,1,1,0,1
TELAVANCIN,UNCLASSIFIED,1,1,0,1
TELMISARTAN,UNCLASSIFIED,1,1,0,1
TELOTRISTAT ETIPRATE,UNCLASSIFIED,1,1,0,1
TEMOZOLOMIDE,BRAIN / CNS,270,228,42,123
TEMOZOLOMIDE,BREAST,7,6,1,6
TEMOZOLOMIDE,COLORECTAL,4,4,0,3
TEMOZOLOMIDE,ENDOMETRIAL,1,0,1,1
TEMOZOLOMIDE,ESOPHAGEAL,1,1,0,1
TEMOZOLOMIDE,GASTRIC,1,0,1,1
TEMOZOLOMIDE,LEUKEMIA,5,5,0,5
TEMOZOLOMIDE,LIVER,2,2,0,2
TEMOZOLOMIDE,LUNG,14,11,3,11
TEMOZOLOMIDE,LYMPHOMA,1,1,0,1
TEMOZOLOMIDE,MELANOMA,32,30,2,20
TEMOZOLOMIDE,OVARIAN,3,3,0,3
TEMOZOLOMIDE,PANCREATIC,7,4,3,7
TEMOZOLOMIDE,PROSTATE,2,2,0,2
TEMOZOLOMIDE,UNCLASSIFIED,48,40,8,34
TEMSIROLIMUS,BLADDER,2,2,0,2
TEMSIROLIMUS,BRAIN / CNS,16,15,1,10
TEMSIROLIMUS,BREAST,7,7,0,6
TEMSIROLIMUS,CERVICAL,1,1,0,1
TEMSIROLIMUS,COLORECTAL,2,2,0,2
TEMSIROLIMUS,ENDOMETRIAL,5,4,1,1
TEMSIROLIMUS,LARYNX,1,1,0,1
TEMSIROLIMUS,LEUKEMIA,6,6,0,4
TEMSIROLIMUS,LIVER,1,1,0,1
TEMSIROLIMUS,LUNG,6,6,0,3
TEMSIROLIMUS,LYMPHOMA,10,10,0,5
TEMSIROLIMUS,MELANOMA,4,4,0,2
TEMSIROLIMUS,MULTIPLE MYELOMA,3,3,0,1
TEMSIROLIMUS,OVARIAN,5,5,0,3
TEMSIROLIMUS,PANCREATIC,1,1,0,1
TEMSIROLIMUS,PROSTATE,4,4,0,3
TEMSIROLIMUS,RENAL,10,10,0,8
TEMSIROLIMUS,UNCLASSIFIED,35,30,5,12
TENIPOSIDE,LEUKEMIA,3,3,0,3
TENIPOSIDE,LYMPHOMA,2,2,0,1
TENOFOVIR ALAFENAMIDE,UNCLASSIFIED,1,0,1,1
TENOFOVIR DISOPROXIL FUMARATE,UNCLASSIFIED,1,1,0,1
TEPOTINIB,LIVER,2,2,0,1
TEPOTINIB,LUNG,5,2,3,4
TEPOTINIB,UNCLASSIFIED,2,2,0,1
TERLIPRESSIN,UNCLASSIFIED,1,1,0,1
TESTOSTERONE,BREAST,2,2,0,2
TESTOSTERONE,OVARIAN,1,1,0,1
TESTOSTERONE,PROSTATE,2,2,0,2
TESTOSTERONE,UNCLASSIFIED,6,5,1,6
TESTOSTERONE CYPIONATE,PROSTATE,9,7,2,6
TESTOSTERONE CYPIONATE,UNCLASSIFIED,1,0,1,1
TESTOSTERONE ENANTHATE,PROSTATE,3,3,0,2
TESTOSTERONE ENANTHATE,UNCLASSIFIED,2,2,0,2
TESTOSTERONE UNDECANOATE,PROSTATE,2,2,0,2
TESTOSTERONE UNDECANOATE,UNCLASSIFIED,2,2,0,2
TETRACYCLINE,GASTRIC,3,3,0,2
TETRACYCLINE,LUNG,1,1,0,1
TETRACYCLINE,LYMPHOMA,2,2,0,2
TETRACYCLINE,UNCLASSIFIED,1,1,0,1
THALIDOMIDE,BRAIN / CNS,14,14,0,8
THALIDOMIDE,COLORECTAL,2,2,0,2
THALIDOMIDE,ENDOMETRIAL,3,3,0,2
THALIDOMIDE,LEUKEMIA,11,11,0,8
THALIDOMIDE,LIVER,4,4,0,3
THALIDOMIDE,LUNG,4,4,0,4
THALIDOMIDE,LYMPHOMA,6,6,0,5
THALIDOMIDE,MELANOMA,8,8,0,5
THALIDOMIDE,MULTIPLE MYELOMA,67,62,5,39
THALIDOMIDE,OVARIAN,3,3,0,3
THALIDOMIDE,PROSTATE,8,8,0,6
THALIDOMIDE,RENAL,4,4,0,4
THALIDOMIDE,UNCLASSIFIED,20,20,0,15
THEOPHYLLINE,LEUKEMIA,1,1,0,1
THEOPHYLLINE,PROSTATE,1,1,0,1
THEOPHYLLINE,UNCLASSIFIED,1,1,0,1
THIOGUANINE,BRAIN / CNS,2,2,0,2
THIOGUANINE,LEUKEMIA,44,38,6,18
THIOGUANINE,LYMPHOMA,4,4,0,3
THIORIDAZINE,LEUKEMIA,1,1,0,1
THIOTEPA,BRAIN / CNS,12,12,0,7
THIOTEPA,BREAST,18,18,0,12
THIOTEPA,LEUKEMIA,39,30,9,18
THIOTEPA,LIVER,1,1,0,1
THIOTEPA,LYMPHOMA,7,6,1,7
THIOTEPA,MULTIPLE MYELOMA,1,1,0,1
THIOTEPA,OVARIAN,5,5,0,4
THIOTEPA,UNCLASSIFIED,16,15,1,9
TIGECYCLINE,LEUKEMIA,1,1,0,1
TIMOLOL,LUNG,1,0,1,1
TIMOLOL,UNCLASSIFIED,1,1,0,1
TIMOLOL MALEATE,UNCLASSIFIED,2,2,0,2
TIRBANIBULIN,UNCLASSIFIED,2,2,0,2
TIVOZANIB,BRAIN / CNS,1,1,0,1
TIVOZANIB,COLORECTAL,1,1,0,1
TIVOZANIB,LIVER,1,1,0,1
TIVOZANIB,OVARIAN,1,1,0,1
TIVOZANIB,RENAL,4,4,0,1
TIVOZANIB,UNCLASSIFIED,3,3,0,3
TIZANIDINE,MELANOMA,1,1,0,1
TOCILIZUMAB,BREAST,3,2,1,3
TOCILIZUMAB,LEUKEMIA,5,5,0,5
TOCILIZUMAB,LIVER,1,1,0,1
TOCILIZUMAB,LUNG,1,1,0,1
TOCILIZUMAB,LYMPHOMA,18,7,11,3
TOCILIZUMAB,MELANOMA,2,1,1,2
TOCILIZUMAB,MULTIPLE MYELOMA,3,1,2,2
TOCILIZUMAB,PANCREATIC,2,2,0,2
TOCILIZUMAB,UNCLASSIFIED,9,5,4,7
TOFACITINIB,BRAIN / CNS,1,1,0,1
TOFACITINIB,PANCREATIC,1,1,0,1
TOFACITINIB,UNCLASSIFIED,2,2,0,2
TOLBUTAMIDE,UNCLASSIFIED,2,2,0,2
TOLVAPTAN,RENAL,1,1,0,1
TOLVAPTAN,UNCLASSIFIED,1,1,0,1
TOPOTECAN,BRAIN / CNS,11,10,1,9
TOPOTECAN,CERVICAL,15,14,1,11
TOPOTECAN,COLORECTAL,1,1,0,1
TOPOTECAN,ENDOMETRIAL,2,2,0,2
TOPOTECAN,LEUKEMIA,22,21,1,14
TOPOTECAN,LIVER,1,1,0,1
TOPOTECAN,LUNG,60,53,7,34
TOPOTECAN,LYMPHOMA,6,6,0,6
TOPOTECAN,MULTIPLE MYELOMA,2,2,0,2
TOPOTECAN,OVARIAN,51,47,4,35
TOPOTECAN,RENAL,1,1,0,1
TOPOTECAN,UNCLASSIFIED,60,54,6,30
TOREMIFENE,BREAST,3,3,0,3
TOREMIFENE,PROSTATE,2,2,0,2
TOREMIFENE,UNCLASSIFIED,2,2,0,2
TOVORAFENIB,BRAIN / CNS,1,0,1,1
TRABECTEDIN,BREAST,1,1,0,1
TRABECTEDIN,ENDOMETRIAL,2,2,0,2
TRABECTEDIN,OVARIAN,8,8,0,6
TRABECTEDIN,PANCREATIC,1,1,0,1
TRABECTEDIN,PROSTATE,1,1,0,1
TRABECTEDIN,UNCLASSIFIED,27,27,0,15
TRAMADOL,BRAIN / CNS,1,1,0,1
TRAMADOL,BREAST,1,1,0,1
TRAMADOL,THYROID,1,1,0,1
TRAMADOL,UNCLASSIFIED,4,3,1,3
TRAMETINIB,BRAIN / CNS,6,2,4,5
TRAMETINIB,BREAST,2,1,1,1
TRAMETINIB,COLORECTAL,8,7,1,7
TRAMETINIB,ENDOMETRIAL,1,1,0,1
TRAMETINIB,LEUKEMIA,3,2,1,3
TRAMETINIB,LIVER,3,3,0,2
TRAMETINIB,LUNG,9,5,4,6
TRAMETINIB,MELANOMA,24,17,7,16
TRAMETINIB,MULTIPLE MYELOMA,2,1,1,2
TRAMETINIB,PANCREATIC,2,2,0,2
TRAMETINIB,PROSTATE,2,0,2,1
TRAMETINIB,THYROID,8,2,6,6
TRAMETINIB,UNCLASSIFIED,19,15,4,9
TRAMETINIB DIMETHYL SULFOXIDE,BRAIN / CNS,1,0,1,1
TRAMETINIB DIMETHYL SULFOXIDE,LYMPHOMA,4,0,4,1
TRAMETINIB DIMETHYL SULFOXIDE,MELANOMA,4,1,3,1
TRAMETINIB DIMETHYL SULFOXIDE,OVARIAN,1,1,0,1
TRANEXAMIC ACID,BLADDER,1,1,0,1
TRANEXAMIC ACID,BREAST,1,1,0,1
TRANEXAMIC ACID,COLORECTAL,1,1,0,1
TRANEXAMIC ACID,ENDOMETRIAL,2,2,0,2
TRANEXAMIC ACID,OVARIAN,2,2,0,2
TRANEXAMIC ACID,PROSTATE,1,1,0,1
TRANEXAMIC ACID,UNCLASSIFIED,10,9,1,10
TRANYLCYPROMINE,LEUKEMIA,1,1,0,1
TRASTUZUMAB,BLADDER,1,1,0,1
TRASTUZUMAB,BRAIN / CNS,1,1,0,1
TRASTUZUMAB,BREAST,232,190,42,108
TRASTUZUMAB,COLORECTAL,4,3,1,4
TRASTUZUMAB,ENDOMETRIAL,1,1,0,1
TRASTUZUMAB,GALLBLADDER,1,1,0,1
TRASTUZUMAB,GASTRIC,24,18,6,19
TRASTUZUMAB,LYMPHOMA,1,1,0,1
TRASTUZUMAB,PANCREATIC,1,1,0,1
TRASTUZUMAB,UNCLASSIFIED,17,13,4,13
TREOSULFAN,LEUKEMIA,10,10,0,6
TREOSULFAN,OVARIAN,1,1,0,1
TREOSULFAN,UNCLASSIFIED,4,4,0,3
TRETINOIN,CERVICAL,1,1,0,1
TRETINOIN,LEUKEMIA,13,13,0,11
TRETINOIN,LUNG,1,1,0,1
TRETINOIN,LYMPHOMA,1,1,0,1
TRETINOIN,MELANOMA,1,1,0,1
TRETINOIN,UNCLASSIFIED,2,2,0,2
TRIAMCINOLONE,ENDOMETRIAL,1,0,1,1
TRIAMCINOLONE,LYMPHOMA,1,1,0,1
TRIAMCINOLONE,MELANOMA,1,1,0,1
TRIAMCINOLONE,UNCLASSIFIED,1,1,0,1
TRIAMCINOLONE ACETONIDE,BRAIN / CNS,1,0,1,1
TRIAMCINOLONE ACETONIDE,BREAST,1,1,0,1
TRIAMCINOLONE ACETONIDE,PROSTATE,1,1,0,1
TRIAMCINOLONE ACETONIDE,UNCLASSIFIED,4,4,0,4
TRIENTINE,UNCLASSIFIED,1,1,0,1
TRIFLURIDINE,UNCLASSIFIED,1,1,0,1
TRIFLURIDINE TIPIRACIL,BREAST,1,1,0,1
TRIFLURIDINE TIPIRACIL,COLORECTAL,6,4,2,6
TRIFLURIDINE TIPIRACIL,ESOPHAGEAL,2,1,1,2
TRIFLURIDINE TIPIRACIL,GASTRIC,1,0,1,1
TRIFLURIDINE TIPIRACIL,LUNG,1,0,1,1
TRIFLURIDINE TIPIRACIL,PANCREATIC,1,0,1,1
TRIFLURIDINE TIPIRACIL,UNCLASSIFIED,2,1,1,2
TRIHEXYPHENIDYL,UNCLASSIFIED,1,1,0,1
TRILOSTANE,PROSTATE,1,1,0,1
TRIMETREXATE GLUCURONATE,COLORECTAL,1,1,0,1
TRIMETREXATE GLUCURONATE,LEUKEMIA,1,1,0,1
TRIMETREXATE GLUCURONATE,PANCREATIC,1,1,0,1
TRIMETREXATE GLUCURONATE,UNCLASSIFIED,2,2,0,1
TRIPTORELIN PAMOATE,PROSTATE,3,3,0,3
TROGLITAZONE,UNCLASSIFIED,1,1,0,1
TUCATINIB,BREAST,18,3,15,11
TUCATINIB,COLORECTAL,2,1,1,2
TUCATINIB,GASTRIC,1,1,0,1
TUCATINIB,UNCLASSIFIED,2,2,0,2
ULIPRISTAL,BREAST,1,1,0,1
ULIPRISTAL,ENDOMETRIAL,1,1,0,1
ULIPRISTAL,UNCLASSIFIED,3,3,0,3
UREA,LIVER,1,1,0,1
UREA,UNCLASSIFIED,1,1,0,1
URSODIOL,BRAIN / CNS,1,1,0,1
URSODIOL,COLORECTAL,1,1,0,1
URSODIOL,ESOPHAGEAL,1,1,0,1
VALACYCLOVIR,BRAIN / CNS,4,4,0,1
VALACYCLOVIR,BREAST,1,1,0,1
VALACYCLOVIR,LEUKEMIA,1,1,0,1
VALACYCLOVIR,PANCREATIC,1,1,0,1
VALACYCLOVIR,PROSTATE,1,0,1,1
VALACYCLOVIR,UNCLASSIFIED,5,4,1,4
VALDECOXIB,UNCLASSIFIED,1,1,0,1
VALGANCICLOVIR,BRAIN / CNS,1,0,1,1
VALGANCICLOVIR,LEUKEMIA,2,2,0,2
VALGANCICLOVIR,LYMPHOMA,1,1,0,1
VALGANCICLOVIR,UNCLASSIFIED,6,5,1,6
VALPROIC ACID,BLADDER,1,1,0,1
VALPROIC ACID,BRAIN / CNS,4,4,0,4
VALPROIC ACID,CERVICAL,1,1,0,1
VALPROIC ACID,LEUKEMIA,6,6,0,4
VALPROIC ACID,LUNG,1,1,0,1
VALPROIC ACID,LYMPHOMA,1,1,0,1
VALPROIC ACID,MELANOMA,1,0,1,1
VALPROIC ACID,OVARIAN,1,1,0,1
VALPROIC ACID,THYROID,1,1,0,1
VALPROIC ACID,UNCLASSIFIED,8,8,0,5
VALRUBICIN,BLADDER,4,4,0,4
VALSARTAN,LYMPHOMA,1,1,0,1
VANCOMYCIN,COLORECTAL,2,1,1,2
VANCOMYCIN,LEUKEMIA,1,1,0,1
VANCOMYCIN,MELANOMA,1,0,1,1
VANCOMYCIN,UNCLASSIFIED,5,5,0,5
VANDETANIB,BLADDER,2,2,0,2
VANDETANIB,BRAIN / CNS,3,3,0,3
VANDETANIB,BREAST,2,1,1,2
VANDETANIB,COLORECTAL,3,3,0,2
VANDETANIB,GASTRIC,1,1,0,1
VANDETANIB,LIVER,1,1,0,1
VANDETANIB,LUNG,7,7,0,4
VANDETANIB,OVARIAN,1,1,0,1
VANDETANIB,PANCREATIC,1,1,0,1
VANDETANIB,PROSTATE,1,1,0,1
VANDETANIB,THYROID,7,6,1,4
VANDETANIB,UNCLASSIFIED,6,6,0,5
VARENICLINE,LUNG,3,3,0,3
VARENICLINE,UNCLASSIFIED,8,6,2,7
VASOPRESSIN,ENDOMETRIAL,1,1,0,1
VASOPRESSIN,UNCLASSIFIED,1,1,0,1
VEMURAFENIB,BLADDER,1,1,0,1
VEMURAFENIB,BRAIN / CNS,3,2,1,2
VEMURAFENIB,COLORECTAL,4,4,0,4
VEMURAFENIB,LEUKEMIA,2,1,1,1
VEMURAFENIB,LUNG,2,1,1,2
VEMURAFENIB,MELANOMA,32,30,2,12
VEMURAFENIB,MULTIPLE MYELOMA,1,1,0,1
VEMURAFENIB,PANCREATIC,1,1,0,1
VEMURAFENIB,THYROID,4,3,1,3
VEMURAFENIB,UNCLASSIFIED,13,10,3,7
VENETOCLAX,BREAST,2,1,1,2
VENETOCLAX,LEUKEMIA,127,59,68,62
VENETOCLAX,LYMPHOMA,39,20,19,28
VENETOCLAX,MULTIPLE MYELOMA,9,4,5,4
VENETOCLAX,PROSTATE,1,1,0,1
VENETOCLAX,UNCLASSIFIED,19,10,9,14
VEPDEGESTRANT,BREAST,3,0,3,1
VERAPAMIL,BRAIN / CNS,1,1,0,1
VERAPAMIL,LYMPHOMA,1,1,0,1
VERAPAMIL,UNCLASSIFIED,1,1,0,1
VERICIGUAT,BREAST,1,0,1,1
VERTEPORFIN,BREAST,1,1,0,1
VERTEPORFIN,MELANOMA,1,1,0,1
VERTEPORFIN,PANCREATIC,2,1,1,1
VIMSELTINIB,UNCLASSIFIED,2,0,2,1
VINBLASTINE,BLADDER,12,11,1,9
VINBLASTINE,BRAIN / CNS,3,3,0,3
VINBLASTINE,CERVICAL,1,1,0,1
VINBLASTINE,LEUKEMIA,1,1,0,1
VINBLASTINE,LUNG,4,4,0,4
VINBLASTINE,LYMPHOMA,43,34,9,29
VINBLASTINE,MELANOMA,5,5,0,5
VINBLASTINE,PROSTATE,3,3,0,2
VINBLASTINE,RENAL,2,2,0,2
VINBLASTINE,UNCLASSIFIED,4,4,0,3
VINCRISTINE,BRAIN / CNS,35,32,3,18
VINCRISTINE,CERVICAL,1,1,0,1
VINCRISTINE,COLORECTAL,2,2,0,2
VINCRISTINE,LEUKEMIA,147,125,22,56
VINCRISTINE,LIVER,3,1,2,2
VINCRISTINE,LUNG,3,2,1,3
VINCRISTINE,LYMPHOMA,207,174,33,83
VINCRISTINE,MULTIPLE MYELOMA,10,10,0,8
VINCRISTINE,OVARIAN,3,3,0,3
VINCRISTINE,RENAL,6,6,0,2
VINCRISTINE,UNCLASSIFIED,83,69,14,24
VINORELBINE,BRAIN / CNS,1,1,0,1
VINORELBINE,BREAST,54,47,7,42
VINORELBINE,CERVICAL,2,1,1,2
VINORELBINE,GASTRIC,1,1,0,1
VINORELBINE,LEUKEMIA,1,1,0,1
VINORELBINE,LUNG,42,38,4,27
VINORELBINE,LYMPHOMA,5,5,0,4
VINORELBINE,MELANOMA,2,2,0,2
VINORELBINE,MULTIPLE MYELOMA,2,2,0,1
VINORELBINE,PROSTATE,1,1,0,1
VINORELBINE,UNCLASSIFIED,11,7,4,11
VINORELBINE TARTRATE,BRAIN / CNS,1,1,0,1
VINORELBINE TARTRATE,BREAST,10,10,0,8
VINORELBINE TARTRATE,CERVICAL,3,3,0,2
VINORELBINE TARTRATE,COLORECTAL,1,1,0,1
VINORELBINE TARTRATE,LEUKEMIA,1,1,0,1
VINORELBINE TARTRATE,LUNG,14,14,0,12
VINORELBINE TARTRATE,LYMPHOMA,8,8,0,4
VINORELBINE TARTRATE,PROSTATE,3,3,0,3
VINORELBINE TARTRATE,RENAL,1,1,0,1
VINORELBINE TARTRATE,UNCLASSIFIED,4,3,1,4
VISMODEGIB,BLADDER,1,1,0,1
VISMODEGIB,BRAIN / CNS,2,2,0,2
VISMODEGIB,BREAST,1,0,1,1
VISMODEGIB,COLORECTAL,2,2,0,1
VISMODEGIB,GASTRIC,2,2,0,2
VISMODEGIB,LEUKEMIA,1,1,0,1
VISMODEGIB,LUNG,1,1,0,1
VISMODEGIB,LYMPHOMA,1,0,1,1
VISMODEGIB,MULTIPLE MYELOMA,1,1,0,1
VISMODEGIB,OVARIAN,2,2,0,2
VISMODEGIB,PANCREATIC,4,3,1,2
VISMODEGIB,PROSTATE,1,1,0,1
VISMODEGIB,UNCLASSIFIED,23,21,2,14
VONOPRAZAN,GASTRIC,1,1,0,1
VORASIDENIB,BRAIN / CNS,3,0,3,2
VORASIDENIB,UNCLASSIFIED,1,1,0,1
VORICONAZOLE,LEUKEMIA,7,7,0,6
VORICONAZOLE,RENAL,1,1,0,1
VORICONAZOLE,UNCLASSIFIED,8,8,0,7
VORINOSTAT,BRAIN / CNS,17,16,1,5
VORINOSTAT,BREAST,11,9,2,8
VORINOSTAT,COLORECTAL,3,3,0,3
VORINOSTAT,GASTRIC,1,1,0,1
VORINOSTAT,LEUKEMIA,26,20,6,11
VORINOSTAT,LIVER,1,1,0,1
VORINOSTAT,LUNG,11,10,1,9
VORINOSTAT,LYMPHOMA,21,19,2,12
VORINOSTAT,MELANOMA,3,2,1,2
VORINOSTAT,MULTIPLE MYELOMA,8,8,0,4
VORINOSTAT,OVARIAN,1,1,0,1
VORINOSTAT,PANCREATIC,2,2,0,2
VORINOSTAT,PROSTATE,3,3,0,2
VORINOSTAT,RENAL,3,3,0,2
VORINOSTAT,THYROID,1,1,0,1
VORINOSTAT,UNCLASSIFIED,32,30,2,15
ZAFIRLUKAST,OVARIAN,1,1,0,1
ZALCITABINE,UNCLASSIFIED,1,1,0,1
ZANUBRUTINIB,LEUKEMIA,11,6,5,6
ZANUBRUTINIB,LYMPHOMA,16,8,8,8
ZANUBRUTINIB,UNCLASSIFIED,10,5,5,2
ZICONOTIDE,UNCLASSIFIED,2,2,0,2
ZIDOVUDINE,LEUKEMIA,1,1,0,1
ZIDOVUDINE,LYMPHOMA,5,5,0,4
ZIDOVUDINE,UNCLASSIFIED,11,10,1,2
ZIFTOMENIB,LEUKEMIA,2,0,2,2
ZILEUTON,LUNG,2,2,0,2
ZILEUTON,UNCLASSIFIED,1,1,0,1
ZIV AFLIBERCEPT,BRAIN / CNS,1,1,0,1
ZIV AFLIBERCEPT,GASTRIC,1,1,0,1
ZIV AFLIBERCEPT,OVARIAN,1,1,0,1
ZIV AFLIBERCEPT,UNCLASSIFIED,1,1,0,1
ZOLEDRONIC ACID,BREAST,37,37,0,26
ZOLEDRONIC ACID,GASTRIC,1,1,0,1
ZOLEDRONIC ACID,LUNG,5,5,0,3
ZOLEDRONIC ACID,LYMPHOMA,1,1,0,1
ZOLEDRONIC ACID,MULTIPLE MYELOMA,13,13,0,10
ZOLEDRONIC ACID,OVARIAN,1,1,0,1
ZOLEDRONIC ACID,PANCREATIC,1,0,1,1
ZOLEDRONIC ACID,PROSTATE,27,26,1,16
ZOLEDRONIC ACID,RENAL,2,2,0,2
ZOLEDRONIC ACID,UNCLASSIFIED,16,14,2,11
ZOLPIDEM TARTRATE,BREAST,1,1,0,1
ZONGERTINIB,LUNG,2,0,2,1
